candidate_event_id,event_id,source_id,geometry_status,event_date,pre_event_window,post_event_window,phenomenon_type,uncertainty_m,eligible_for_evaluation,eligible_for_calibration,eligible_for_training,ground_truth,review_only,qa_status,not_ground_truth_reason,score_v7_allowed
S17C_REF_0001,EVENT_PET2022_CPRM_ANEXOIII_20022022,PET2022_CPRM_ANEXOIII_20022022,official_point_or_coordinate_unvalidated,2022-02-20,2022-01-21..2022-02-13,2022-02-20..2022-02-27,hydrometeorological_or_unknown,unknown_crs_missing,true,false,false,false,true,pending_human_qa,"review-only acquisition candidate; not ground truth, not trainable, no score v7",false
S17C_REF_0002,EVENT_PET2022_CPRM_ANEXOII_19022022,PET2022_CPRM_ANEXOII_19022022,official_point_or_coordinate_unvalidated,2022-02-19,2022-01-20..2022-02-12,2022-02-19..2022-02-26,hydrometeorological_or_unknown,unknown_crs_missing,true,false,false,false,true,pending_human_qa,"review-only acquisition candidate; not ground truth, not trainable, no score v7",false
S17C_REF_0003,EVENT_PET2022_CPRM_ANEXOIV_22022022,PET2022_CPRM_ANEXOIV_22022022,official_point_or_coordinate_unvalidated,2022-02-22,2022-01-23..2022-02-15,2022-02-22..2022-03-01,hydrometeorological_or_unknown,unknown_crs_missing,true,false,false,false,true,pending_human_qa,"review-only acquisition candidate; not ground truth, not trainable, no score v7",false
S17C_REF_0004,EVENT_PET2022_CPRM_ANEXOIX_28022022,PET2022_CPRM_ANEXOIX_28022022,official_point_or_coordinate_unvalidated,2022-02-28,2022-01-29..2022-02-21,2022-02-28..2022-03-07,hydrometeorological_or_unknown,unknown_crs_missing,true,false,false,false,true,pending_human_qa,"review-only acquisition candidate; not ground truth, not trainable, no score v7",false
S17C_REF_0005,EVENT_PET2022_CPRM_ANEXOVIII_25022022_260,PET2022_CPRM_ANEXOVIII_25022022-260,official_point_or_coordinate_unvalidated,not_available,not_available..not_available,not_available..not_available,hydrometeorological_or_unknown,unknown_crs_missing,false,false,false,false,true,blocked_pending_evidence,"review-only acquisition candidate; not ground truth, not trainable, no score v7",false
S17C_REF_0006,EVENT_PET2022_CPRM_ANEXOVII_24022022,PET2022_CPRM_ANEXOVII_24022022,official_point_or_coordinate_unvalidated,2022-02-24,2022-01-25..2022-02-17,2022-02-24..2022-03-03,hydrometeorological_or_unknown,unknown_crs_missing,true,false,false,false,true,pending_human_qa,"review-only acquisition candidate; not ground truth, not trainable, no score v7",false
S17C_REF_0007,EVENT_PET2022_CPRM_ANEXOV_23022022,PET2022_CPRM_ANEXOV_23022022,official_point_or_coordinate_unvalidated,2022-02-23,2022-01-24..2022-02-16,2022-02-23..2022-03-02,hydrometeorological_or_unknown,unknown_crs_missing,true,false,false,false,true,pending_human_qa,"review-only acquisition candidate; not ground truth, not trainable, no score v7",false
S17C_REF_0008,EVENT_PET2022_CPRM_ANEXOXI_02032022,PET2022_CPRM_ANEXOXI_02032022,official_point_or_coordinate_unvalidated,2022-03-02,2022-01-31..2022-02-23,2022-03-02..2022-03-09,hydrometeorological_or_unknown,unknown_crs_missing,true,false,false,false,true,pending_human_qa,"review-only acquisition candidate; not ground truth, not trainable, no score v7",false
S17C_REF_0009,EVENT_PET2022_CPRM_ANEXOX_01032022,PET2022_CPRM_ANEXOX_01032022,official_point_or_coordinate_unvalidated,2022-03-01,2022-01-30..2022-02-22,2022-03-01..2022-03-08,hydrometeorological_or_unknown,unknown_crs_missing,true,false,false,false,true,pending_human_qa,"review-only acquisition candidate; not ground truth, not trainable, no score v7",false
S17C_REF_0010,PET_2022_02_15,OBS_PET_001,no_strong_geometry,2022-02-15,2022-01-16..2022-02-08,2022-02-15..2022-02-22,hydrometeorological_or_unknown,not_available,false,false,false,false,true,blocked_pending_evidence,"review-only acquisition candidate; not ground truth, not trainable, no score v7",false
S17C_REF_0011,REC_2022_05_24_30,OBS_REC_001,no_strong_geometry,2022-05-26,2022-04-26..2022-05-19,2022-05-26..2022-06-02,hydrometeorological_or_unknown,not_available,false,false,false,false,true,blocked_pending_evidence,"review-only acquisition candidate; not ground truth, not trainable, no score v7",false
S17C_REF_0012,CUR_HISTORICAL,OBS_CUR_001,no_strong_geometry,not_available,not_available..not_available,not_available..not_available,flood_inundation_alagamento,not_available,false,false,false,false,true,blocked_pending_evidence,"review-only acquisition candidate; not ground truth, not trainable, no score v7",false
S17C_REF_0013,PET2022_CPRM_ANEXOII_19022022,PET2022_CPRM_ANEXOII_19022022,official_point_or_coordinate_unvalidated,2022-02-19,2022-01-20..2022-02-12,2022-02-19..2022-02-26,hydrometeorological_or_unknown,unknown_crs_missing,true,false,false,false,true,pending_human_qa,"review-only acquisition candidate; not ground truth, not trainable, no score v7",false
S17C_REF_0014,PET2022_CPRM_ANEXOIII_20022022,PET2022_CPRM_ANEXOIII_20022022,patch_overlap_possible_unvalidated,2022-02-20,2022-01-21..2022-02-13,2022-02-20..2022-02-27,hydrometeorological_or_unknown,not_available,false,false,false,false,true,blocked_pending_evidence,"review-only acquisition candidate; not ground truth, not trainable, no score v7",false
S17C_REF_0015,PET2022_CPRM_ANEXOIV_22022022,PET2022_CPRM_ANEXOIV_22022022,patch_overlap_possible_unvalidated,2022-02-22,2022-01-23..2022-02-15,2022-02-22..2022-03-01,hydrometeorological_or_unknown,not_available,false,false,false,false,true,blocked_pending_evidence,"review-only acquisition candidate; not ground truth, not trainable, no score v7",false
S17C_REF_0016,PET2022_CPRM_ANEXOIX_28022022,PET2022_CPRM_ANEXOIX_28022022,patch_overlap_possible_unvalidated,2022-02-28,2022-01-29..2022-02-21,2022-02-28..2022-03-07,hydrometeorological_or_unknown,not_available,false,false,false,false,true,blocked_pending_evidence,"review-only acquisition candidate; not ground truth, not trainable, no score v7",false
S17C_REF_0017,PET2022_CPRM_ANEXOV_23022022,PET2022_CPRM_ANEXOV_23022022,patch_overlap_possible_unvalidated,2022-02-23,2022-01-24..2022-02-16,2022-02-23..2022-03-02,hydrometeorological_or_unknown,not_available,false,false,false,false,true,blocked_pending_evidence,"review-only acquisition candidate; not ground truth, not trainable, no score v7",false
S17C_REF_0018,PET2022_CPRM_ANEXOVI_24022022,PET2022_CPRM_ANEXOVI_24022022,no_strong_geometry,2022-02-24,2022-01-25..2022-02-17,2022-02-24..2022-03-03,hydrometeorological_or_unknown,not_available,false,false,false,false,true,blocked_pending_evidence,"review-only acquisition candidate; not ground truth, not trainable, no score v7",false
S17C_REF_0019,PET2022_CPRM_ANEXOVII_24022022,PET2022_CPRM_ANEXOVII_24022022,patch_overlap_possible_unvalidated,2022-02-24,2022-01-25..2022-02-17,2022-02-24..2022-03-03,hydrometeorological_or_unknown,not_available,false,false,false,false,true,blocked_pending_evidence,"review-only acquisition candidate; not ground truth, not trainable, no score v7",false
S17C_REF_0020,PET2022_CPRM_ANEXOVIII_25022022-260,PET2022_CPRM_ANEXOVIII_25022022-260,no_strong_geometry,not_available,not_available..not_available,not_available..not_available,hydrometeorological_or_unknown,not_available,false,false,false,false,true,blocked_pending_evidence,"review-only acquisition candidate; not ground truth, not trainable, no score v7",false
S17C_REF_0021,PET2022_CPRM_ANEXOX_01032022,PET2022_CPRM_ANEXOX_01032022,patch_overlap_possible_unvalidated,2022-03-01,2022-01-30..2022-02-22,2022-03-01..2022-03-08,hydrometeorological_or_unknown,not_available,false,false,false,false,true,blocked_pending_evidence,"review-only acquisition candidate; not ground truth, not trainable, no score v7",false
S17C_REF_0022,PET2022_CPRM_ANEXOXI_02032022,PET2022_CPRM_ANEXOXI_02032022,patch_overlap_possible_unvalidated,2022-03-02,2022-01-31..2022-02-23,2022-03-02..2022-03-09,hydrometeorological_or_unknown,not_available,false,false,false,false,true,blocked_pending_evidence,"review-only acquisition candidate; not ground truth, not trainable, no score v7",false
S17C_REF_0023,PET2022_CPRM_ANEXOMAIN_NODATE,PET2022_CPRM_ANEXOMAIN_NODATE,no_strong_geometry,not_available,not_available..not_available,not_available..not_available,hydrometeorological_or_unknown,not_available,false,false,false,false,true,blocked_pending_evidence,"review-only acquisition candidate; not ground truth, not trainable, no score v7",false
S17C_REF_0024,758,758,no_strong_geometry,not_available,not_available..not_available,not_available..not_available,mass_movement,not_available,false,false,false,false,true,blocked_pending_evidence,"review-only acquisition candidate; not ground truth, not trainable, no score v7",false
S17C_REF_0025,CH758_OLINDA_20220603_UNTITLED,CH758_OLINDA_20220603_UNTITLED,no_strong_geometry,not_available,not_available..not_available,not_available..not_available,hydrometeorological_or_unknown,not_available,false,false,false,false,true,blocked_pending_evidence,"review-only acquisition candidate; not ground truth, not trainable, no score v7",false
S17C_REF_0026,CH758_RECIFE_20220602_001,CH758_RECIFE_20220602_001,no_strong_geometry,not_available,not_available..not_available,not_available..not_available,mass_movement,not_available,false,false,false,false,true,blocked_pending_evidence,"review-only acquisition candidate; not ground truth, not trainable, no score v7",false
S17C_REF_0027,CH758_REMAINING_PRODUCTS_NOT_INVENTORIED,CH758_REMAINING_PRODUCTS_NOT_INVENTORIED,no_strong_geometry,not_available,not_available..not_available,not_available..not_available,hydrometeorological_or_unknown,not_available,false,false,false,false,true,blocked_pending_evidence,"review-only acquisition candidate; not ground truth, not trainable, no score v7",false
S17C_REF_0028,ARP_v2az_0005,ARP_v2az_0005,no_strong_geometry,not_available,not_available..not_available,not_available..not_available,hydrometeorological_or_unknown,not_available,false,false,false,false,true,blocked_pending_evidence,"review-only acquisition candidate; not ground truth, not trainable, no score v7",false
S17C_REF_0029,CG_v2ba_0001,CG_v2ba_0001,no_strong_geometry,not_available,not_available..not_available,not_available..not_available,hydrometeorological_or_unknown,not_available,false,false,false,false,true,blocked_pending_evidence,"review-only acquisition candidate; not ground truth, not trainable, no score v7",false
S17C_REF_0030,CG_v2ba_0002,CG_v2ba_0002,no_strong_geometry,not_available,not_available..not_available,not_available..not_available,hydrometeorological_or_unknown,not_available,false,false,false,false,true,blocked_pending_evidence,"review-only acquisition candidate; not ground truth, not trainable, no score v7",false
S17C_REF_0031,CG_v2ba_0004,CG_v2ba_0004,no_strong_geometry,not_available,not_available..not_available,not_available..not_available,hydrometeorological_or_unknown,not_available,false,false,false,false,true,blocked_pending_evidence,"review-only acquisition candidate; not ground truth, not trainable, no score v7",false
S17C_REF_0032,CG_v2ba_0007,CG_v2ba_0007,no_strong_geometry,not_available,not_available..not_available,not_available..not_available,hydrometeorological_or_unknown,not_available,false,false,false,false,true,blocked_pending_evidence,"review-only acquisition candidate; not ground truth, not trainable, no score v7",false
S17C_REF_0033,CG_v2ba_0008,CG_v2ba_0008,no_strong_geometry,not_available,not_available..not_available,not_available..not_available,hydrometeorological_or_unknown,not_available,false,false,false,false,true,blocked_pending_evidence,"review-only acquisition candidate; not ground truth, not trainable, no score v7",false
S17C_REF_0034,CG_v2ba_0009,CG_v2ba_0009,no_strong_geometry,not_available,not_available..not_available,not_available..not_available,hydrometeorological_or_unknown,not_available,false,false,false,false,true,blocked_pending_evidence,"review-only acquisition candidate; not ground truth, not trainable, no score v7",false
S17C_REF_0035,CTB_2022_01_15_16,CTB_2022_01_15_16,no_strong_geometry,not_available,not_available..not_available,not_available..not_available,hydrometeorological_or_unknown,not_available,false,false,false,false,true,blocked_pending_evidence,"review-only acquisition candidate; not ground truth, not trainable, no score v7",false
S17C_REF_0036,CTB_2023_10_28_30,CTB_2023_10_28_30,no_strong_geometry,not_available,not_available..not_available,not_available..not_available,hydrometeorological_or_unknown,not_available,false,false,false,false,true,blocked_pending_evidence,"review-only acquisition candidate; not ground truth, not trainable, no score v7",false
S17C_REF_0037,CTB_2024_02_18_20,CTB_2024_02_18_20,no_strong_geometry,not_available,not_available..not_available,not_available..not_available,hydrometeorological_or_unknown,not_available,false,false,false,false,true,blocked_pending_evidence,"review-only acquisition candidate; not ground truth, not trainable, no score v7",false
S17C_REF_0038,CTB_SEEDS_x3,CTB_SEEDS_x3,no_strong_geometry,not_available,not_available..not_available,not_available..not_available,hydrometeorological_or_unknown,not_available,false,false,false,false,true,blocked_pending_evidence,"review-only acquisition candidate; not ground truth, not trainable, no score v7",false
S17C_REF_0039,PET_2022_03_20_21,PET_2022_03_20_21,no_strong_geometry,not_available,not_available..not_available,not_available..not_available,hydrometeorological_or_unknown,not_available,false,false,false,false,true,blocked_pending_evidence,"review-only acquisition candidate; not ground truth, not trainable, no score v7",false
S17C_REF_0040,PET_2024_03_21_28,PET_2024_03_21_28,no_strong_geometry,not_available,not_available..not_available,not_available..not_available,hydrometeorological_or_unknown,not_available,false,false,false,false,true,blocked_pending_evidence,"review-only acquisition candidate; not ground truth, not trainable, no score v7",false
S17C_REF_0041,PET_PACKAGES,PET_PACKAGES,no_strong_geometry,not_available,not_available..not_available,not_available..not_available,hydrometeorological_or_unknown,not_available,false,false,false,false,true,blocked_pending_evidence,"review-only acquisition candidate; not ground truth, not trainable, no score v7",false
S17C_REF_0042,PKG_v2at_0001,PKG_v2at_0001,no_strong_geometry,not_available,not_available..not_available,not_available..not_available,hydrometeorological_or_unknown,not_available,false,false,false,false,true,blocked_pending_evidence,"review-only acquisition candidate; not ground truth, not trainable, no score v7",false
S17C_REF_0043,PKG_v2at_0002,PKG_v2at_0002,no_strong_geometry,not_available,not_available..not_available,not_available..not_available,hydrometeorological_or_unknown,not_available,false,false,false,false,true,blocked_pending_evidence,"review-only acquisition candidate; not ground truth, not trainable, no score v7",false
S17C_REF_0044,PKG_v2at_0003,PKG_v2at_0003,no_strong_geometry,not_available,not_available..not_available,not_available..not_available,hydrometeorological_or_unknown,not_available,false,false,false,false,true,blocked_pending_evidence,"review-only acquisition candidate; not ground truth, not trainable, no score v7",false
S17C_REF_0045,PKG_v2at_0004,PKG_v2at_0004,no_strong_geometry,not_available,not_available..not_available,not_available..not_available,hydrometeorological_or_unknown,not_available,false,false,false,false,true,blocked_pending_evidence,"review-only acquisition candidate; not ground truth, not trainable, no score v7",false
S17C_REF_0046,PKG_v2at_0005,PKG_v2at_0005,no_strong_geometry,not_available,not_available..not_available,not_available..not_available,hydrometeorological_or_unknown,not_available,false,false,false,false,true,blocked_pending_evidence,"review-only acquisition candidate; not ground truth, not trainable, no score v7",false
S17C_REF_0047,PKG_v2at_0006,PKG_v2at_0006,no_strong_geometry,not_available,not_available..not_available,not_available..not_available,hydrometeorological_or_unknown,not_available,false,false,false,false,true,blocked_pending_evidence,"review-only acquisition candidate; not ground truth, not trainable, no score v7",false
S17C_REF_0048,PKG_v2at_0007,PKG_v2at_0007,no_strong_geometry,not_available,not_available..not_available,not_available..not_available,hydrometeorological_or_unknown,not_available,false,false,false,false,true,blocked_pending_evidence,"review-only acquisition candidate; not ground truth, not trainable, no score v7",false
S17C_REF_0049,PKG_v2at_0008,PKG_v2at_0008,no_strong_geometry,not_available,not_available..not_available,not_available..not_available,hydrometeorological_or_unknown,not_available,false,false,false,false,true,blocked_pending_evidence,"review-only acquisition candidate; not ground truth, not trainable, no score v7",false
S17C_REF_0050,PKG_v2at_0009,PKG_v2at_0009,no_strong_geometry,not_available,not_available..not_available,not_available..not_available,hydrometeorological_or_unknown,not_available,false,false,false,false,true,blocked_pending_evidence,"review-only acquisition candidate; not ground truth, not trainable, no score v7",false
S17C_REF_0051,REC_2022_05_24_30,REC_2022_05_24_30,no_strong_geometry,not_available,not_available..not_available,not_available..not_available,hydrometeorological_or_unknown,not_available,false,false,false,false,true,blocked_pending_evidence,"review-only acquisition candidate; not ground truth, not trainable, no score v7",false
S17C_REF_0052,REC_2023_02_05_06,REC_2023_02_05_06,no_strong_geometry,not_available,not_available..not_available,not_available..not_available,hydrometeorological_or_unknown,not_available,false,false,false,false,true,blocked_pending_evidence,"review-only acquisition candidate; not ground truth, not trainable, no score v7",false
S17C_REF_0053,REC_2024_06_14_16,REC_2024_06_14_16,no_strong_geometry,not_available,not_available..not_available,not_available..not_available,hydrometeorological_or_unknown,not_available,false,false,false,false,true,blocked_pending_evidence,"review-only acquisition candidate; not ground truth, not trainable, no score v7",false
S17C_REF_0054,REC_2022_05_24_30,OFFICIAL_MUNICIPAL,documentary_or_administrative_only,2022-05-24..2022-05-30,2022-04-24..2022-05-17,2022-05-24..2022-06-06,flood_inundation_alagamento,not_available,false,false,false,false,true,blocked_pending_evidence,"review-only acquisition candidate; not ground truth, not trainable, no score v7",false
S17C_REF_0055,REC_2023_02_05_06,OFFICIAL_MUNICIPAL,address_text_only,2023-02-05..2023-02-06,2023-01-06..2023-01-29,2023-02-05..2023-02-13,flood_inundation_alagamento,address_text_unresolved,false,false,false,false,true,blocked_pending_evidence,"review-only acquisition candidate; not ground truth, not trainable, no score v7",false
S17C_REF_0056,REC_2024_06_14_16,OFFICIAL_MUNICIPAL,documentary_or_administrative_only,2024-06-14..2024-06-16,2024-05-15..2024-06-07,2024-06-14..2024-06-23,flood_inundation_alagamento,not_available,false,false,false,false,true,blocked_pending_evidence,"review-only acquisition candidate; not ground truth, not trainable, no score v7",false
S17C_REF_0057,PET_2022_02_15,TECHNICAL_REPORT,documentary_or_administrative_only,2022-02-15..2022-02-16,2022-01-16..2022-02-08,2022-02-15..2022-02-23,hydrometeorological_or_unknown,not_available,false,false,false,false,true,blocked_pending_evidence,"review-only acquisition candidate; not ground truth, not trainable, no score v7",false
S17C_REF_0058,PET_2022_03_20_21,TECHNICAL_REPORT,documentary_or_administrative_only,2022-03-20..2022-03-21,2022-02-18..2022-03-13,2022-03-20..2022-03-28,hydrometeorological_or_unknown,not_available,false,false,false,false,true,blocked_pending_evidence,"review-only acquisition candidate; not ground truth, not trainable, no score v7",false
S17C_REF_0059,PET_2024_03_21_28,OFFICIAL_MUNICIPAL,documentary_or_administrative_only,2024-03-21..2024-03-28,2024-02-20..2024-03-14,2024-03-21..2024-04-04,flood_inundation_alagamento,not_available,false,false,false,false,true,blocked_pending_evidence,"review-only acquisition candidate; not ground truth, not trainable, no score v7",false
S17C_REF_0060,CTB_2022_01_15_16,OFFICIAL_MUNICIPAL,documentary_or_administrative_only,2022-01-15..2022-01-16,2021-12-16..2022-01-08,2022-01-15..2022-01-23,flood_inundation_alagamento,not_available,false,false,false,false,true,blocked_pending_evidence,"review-only acquisition candidate; not ground truth, not trainable, no score v7",false
S17C_REF_0061,CTB_2023_10_28_30,OFFICIAL_MUNICIPAL,address_text_only,2023-10-28..2023-10-30,2023-09-28..2023-10-21,2023-10-28..2023-11-06,flood_inundation_alagamento,address_text_unresolved,false,false,false,false,true,blocked_pending_evidence,"review-only acquisition candidate; not ground truth, not trainable, no score v7",false
S17C_REF_0062,CTB_2024_02_18_20,OFFICIAL_MUNICIPAL,documentary_or_administrative_only,2024-02-18..2024-02-20,2024-01-19..2024-02-11,2024-02-18..2024-02-27,flood_inundation_alagamento,not_available,false,false,false,false,true,blocked_pending_evidence,"review-only acquisition candidate; not ground truth, not trainable, no score v7",false
S17C_REF_0063,REC_2022_05_24_30,S17C31_TFC_0001,technical_bbox_metadata_not_footprint,2022-05-24..2022-05-30,2022-04-24..2022-05-17,2022-05-24..2022-06-06,flood_inundation_alagamento,not_computed_metadata_only,true,false,false,false,true,pending_human_qa,"review-only acquisition candidate; not ground truth, not trainable, no score v7",false
