manifest_id,smoke_id,patch_id,relative_path,path_hash,execution_mode,embedding_attempted,embedding_valid,vector_norm,status,blocked_reason,notes
V1QJ_MAN_00001,V1QW_SMK_00001,PET_00291,petropolis/petropolis_00291__rgb_preview.png,b6539d0ce4a0d8c3,REAL_EXECUTION,true,true,1.000000,DINO_SMOKE_EMBEDDINGS_READY_REVIEW_ONLY,,sha=08b4fc7af8528e59
V1QJ_MAN_00002,V1QW_SMK_00002,PET_00396,petropolis/petropolis_00396__rgb_preview.png,8ecff2c3d057a1b8,REAL_EXECUTION,true,true,1.000000,DINO_SMOKE_EMBEDDINGS_READY_REVIEW_ONLY,,sha=c6fd68c9a089bd83
V1QJ_MAN_00003,V1QW_SMK_00003,PET_00397,petropolis/petropolis_00397__rgb_preview.png,e815cbcf773ebb85,REAL_EXECUTION,true,true,1.000000,DINO_SMOKE_EMBEDDINGS_READY_REVIEW_ONLY,,sha=639939f86ec2a6af
V1QJ_MAN_00004,V1QW_SMK_00004,PET_00507,petropolis/petropolis_00507__rgb_preview.png,55e25d0f1b9af5e7,REAL_EXECUTION,true,true,1.000000,DINO_SMOKE_EMBEDDINGS_READY_REVIEW_ONLY,,sha=4e12d06800e8f9e6
V1QJ_MAN_00005,V1QW_SMK_00005,PET_00579,petropolis/petropolis_00579__rgb_preview.png,de5d1532bd62d725,REAL_EXECUTION,true,true,1.000000,DINO_SMOKE_EMBEDDINGS_READY_REVIEW_ONLY,,sha=a13eb7d489aeed69
V1QJ_MAN_00006,V1QW_SMK_00006,PET_00614,petropolis/petropolis_00614__rgb_preview.png,b882f86a3ce3b9e3,REAL_EXECUTION,true,true,1.000000,DINO_SMOKE_EMBEDDINGS_READY_REVIEW_ONLY,,sha=4aa76a07b7bfd924
V1QJ_MAN_00007,V1QW_SMK_00007,PET_00615,petropolis/petropolis_00615__rgb_preview.png,c422241e59a7021d,REAL_EXECUTION,true,true,1.000000,DINO_SMOKE_EMBEDDINGS_READY_REVIEW_ONLY,,sha=ef69329b62b229ae
V1QJ_MAN_00008,V1QW_SMK_00008,PET_00649,petropolis/petropolis_00649__rgb_preview.png,ae098cdee362196f,REAL_EXECUTION,true,true,1.000000,DINO_SMOKE_EMBEDDINGS_READY_REVIEW_ONLY,,sha=114f8304d6000b25
V1QJ_MAN_00009,V1QW_SMK_00009,PET_00720,petropolis/petropolis_00720__rgb_preview.png,46f2b710042c61c3,REAL_EXECUTION,true,true,1.000000,DINO_SMOKE_EMBEDDINGS_READY_REVIEW_ONLY,,sha=4359e42a6e6f89a5
