readiness_update_id,formal_request_id,previous_17c10_request_status,channel_status_after_17c11,submission_readiness_after_17c11,submission_channel_known_after_17c11,manual_verification_required,request_marked_sent,response_marked_received,external_protocol_opened,external_form_filled,external_download_performed,impact_on_17b,impact_on_score_v6,impact_on_score_v7,review_only,trainable,ground_truth
S17C11_READY_0001,P0_COMPDEC_RECIFE_PKG_FR_REC_002,needs_contact_channel,confirmed_official_source,ready_after_manual_verification,true,true,false,false,false,false,false,none_17b_remains_blocked,none,none_score_v7_not_created,true,false,false
S17C11_READY_0002,P0_DRM_RJ_PKG_FR_PET_001,needs_contact_channel,confirmed_official_source,ready_after_manual_verification,true,true,false,false,false,false,false,none_17b_remains_blocked,none,none_score_v7_not_created,true,false,false
S17C11_READY_0003,P1_CHIRPS_PRE_EVENT_WINDOW_REC_2022_05_24_30,needs_contact_channel,confirmed_official_source,ready_after_manual_verification,true,true,false,false,false,false,false,none_17b_remains_blocked,none,none_score_v7_not_created,true,false,false
S17C11_READY_0004,P1_DEM_HAND_DRAINAGE_COVERAGE_CANDIDATE_GRID,needs_contact_channel,candidate_needs_manual_verification,needs_provider_confirmation,false,true,false,false,false,false,false,none_17b_remains_blocked,none,none_score_v7_not_created,true,false,false
S17C11_READY_0005,P1_PET_2024_VALPARAISO_FLORESTA_GEOMETRY,needs_contact_channel,candidate_needs_manual_verification,needs_provider_confirmation,false,true,false,false,false,false,false,none_17b_remains_blocked,none,none_score_v7_not_created,true,false,false
S17C11_READY_0006,P1_SENTINEL2_TILE_CANDIDATE_GRID,needs_contact_channel,confirmed_official_source,ready_after_manual_verification,true,true,false,false,false,false,false,none_17b_remains_blocked,none,none_score_v7_not_created,true,false,false
S17C11_READY_0007,P1_SGB_CPRM_VECTOR_OR_COORDINATES,needs_contact_channel,confirmed_official_source,ready_after_manual_verification,true,true,false,false,false,false,false,none_17b_remains_blocked,none,none_score_v7_not_created,true,false,false
S17C11_READY_0008,P2_DINO_SATMAE_INPUT_TILE,needs_contact_channel,not_found,blocked_no_channel_found,false,true,false,false,false,false,false,none_17b_remains_blocked,none,none_score_v7_not_created,true,false,false
S17C11_READY_0009,P2_SAR_RUNTIME_OR_EXPORT_PATH,needs_contact_channel,not_found,blocked_no_channel_found,false,true,false,false,false,false,false,none_17b_remains_blocked,none,none_score_v7_not_created,true,false,false
