scene_band_stat_id,candidate_patch_id,scene_or_item_id,scene_date,band_name,stat_name,stat_value,cloud_cover,source_artifact_manifest_id,feature_value_real,pre_event_only,review_only,trainable,ground_truth
S17C24_SBAND_0001,S17C6_CANARY_REC_00001,S2A_MSIL1C_20220427T124321_N0510_R009_T25MBM_20240604T235122.SAFE,2022-04-27,B03,mean,8711.7923,60.5460,S17C24_MANIFEST_0001_A,true,true,true,false,false
S17C24_SBAND_0002,S17C6_CANARY_REC_00001,S2A_MSIL1C_20220427T124321_N0510_R009_T25MBM_20240604T235122.SAFE,2022-04-27,B03,min,644.0000,60.5460,S17C24_MANIFEST_0001_A,true,true,true,false,false
S17C24_SBAND_0003,S17C6_CANARY_REC_00001,S2A_MSIL1C_20220427T124321_N0510_R009_T25MBM_20240604T235122.SAFE,2022-04-27,B03,max,14600.0000,60.5460,S17C24_MANIFEST_0001_A,true,true,true,false,false
S17C24_SBAND_0004,S17C6_CANARY_REC_00001,S2A_MSIL1C_20220427T124321_N0510_R009_T25MBM_20240604T235122.SAFE,2022-04-27,B03,valid_pixel_count,9900,60.5460,S17C24_MANIFEST_0001_A,true,true,true,false,false
S17C24_SBAND_0005,S17C6_CANARY_REC_00001,S2A_MSIL1C_20220427T124321_N0510_R009_T25MBM_20240604T235122.SAFE,2022-04-27,B04,mean,8289.8744,60.5460,S17C24_MANIFEST_0001_A,true,true,true,false,false
S17C24_SBAND_0006,S17C6_CANARY_REC_00001,S2A_MSIL1C_20220427T124321_N0510_R009_T25MBM_20240604T235122.SAFE,2022-04-27,B04,min,534.0000,60.5460,S17C24_MANIFEST_0001_A,true,true,true,false,false
S17C24_SBAND_0007,S17C6_CANARY_REC_00001,S2A_MSIL1C_20220427T124321_N0510_R009_T25MBM_20240604T235122.SAFE,2022-04-27,B04,max,14024.0000,60.5460,S17C24_MANIFEST_0001_A,true,true,true,false,false
S17C24_SBAND_0008,S17C6_CANARY_REC_00001,S2A_MSIL1C_20220427T124321_N0510_R009_T25MBM_20240604T235122.SAFE,2022-04-27,B04,valid_pixel_count,9900,60.5460,S17C24_MANIFEST_0001_A,true,true,true,false,false
S17C24_SBAND_0009,S17C6_CANARY_REC_00001,S2A_MSIL1C_20220427T124321_N0510_R009_T25MBM_20240604T235122.SAFE,2022-04-27,B08,mean,8100.6465,60.5460,S17C24_MANIFEST_0001_A,true,true,true,false,false
S17C24_SBAND_0010,S17C6_CANARY_REC_00001,S2A_MSIL1C_20220427T124321_N0510_R009_T25MBM_20240604T235122.SAFE,2022-04-27,B08,min,832.0000,60.5460,S17C24_MANIFEST_0001_A,true,true,true,false,false
S17C24_SBAND_0011,S17C6_CANARY_REC_00001,S2A_MSIL1C_20220427T124321_N0510_R009_T25MBM_20240604T235122.SAFE,2022-04-27,B08,max,13232.0000,60.5460,S17C24_MANIFEST_0001_A,true,true,true,false,false
S17C24_SBAND_0012,S17C6_CANARY_REC_00001,S2A_MSIL1C_20220427T124321_N0510_R009_T25MBM_20240604T235122.SAFE,2022-04-27,B08,valid_pixel_count,9900,60.5460,S17C24_MANIFEST_0001_A,true,true,true,false,false
S17C24_SBAND_0013,S17C6_CANARY_REC_00001,S2A_MSIL1C_20220427T124321_N0510_R009_T25MBM_20240604T235122.SAFE,2022-04-27,B11,mean,4715.6627,60.5460,S17C24_MANIFEST_0001_A,true,true,true,false,false
S17C24_SBAND_0014,S17C6_CANARY_REC_00001,S2A_MSIL1C_20220427T124321_N0510_R009_T25MBM_20240604T235122.SAFE,2022-04-27,B11,min,833.0000,60.5460,S17C24_MANIFEST_0001_A,true,true,true,false,false
S17C24_SBAND_0015,S17C6_CANARY_REC_00001,S2A_MSIL1C_20220427T124321_N0510_R009_T25MBM_20240604T235122.SAFE,2022-04-27,B11,max,6418.0000,60.5460,S17C24_MANIFEST_0001_A,true,true,true,false,false
S17C24_SBAND_0016,S17C6_CANARY_REC_00001,S2A_MSIL1C_20220427T124321_N0510_R009_T25MBM_20240604T235122.SAFE,2022-04-27,B11,valid_pixel_count,9900,60.5460,S17C24_MANIFEST_0001_A,true,true,true,false,false
S17C24_SBAND_0017,S17C6_CANARY_REC_00001,S2A_MSIL1C_20220507T124321_N0510_R009_T25MBM_20240616T215545.SAFE,2022-05-07,B03,mean,3959.1602,75.0099,S17C24_MANIFEST_0002_A,true,true,true,false,false
S17C24_SBAND_0018,S17C6_CANARY_REC_00001,S2A_MSIL1C_20220507T124321_N0510_R009_T25MBM_20240616T215545.SAFE,2022-05-07,B03,min,1578.0000,75.0099,S17C24_MANIFEST_0002_A,true,true,true,false,false
S17C24_SBAND_0019,S17C6_CANARY_REC_00001,S2A_MSIL1C_20220507T124321_N0510_R009_T25MBM_20240616T215545.SAFE,2022-05-07,B03,max,6260.0000,75.0099,S17C24_MANIFEST_0002_A,true,true,true,false,false
S17C24_SBAND_0020,S17C6_CANARY_REC_00001,S2A_MSIL1C_20220507T124321_N0510_R009_T25MBM_20240616T215545.SAFE,2022-05-07,B03,valid_pixel_count,9900,75.0099,S17C24_MANIFEST_0002_A,true,true,true,false,false
S17C24_SBAND_0021,S17C6_CANARY_REC_00001,S2A_MSIL1C_20220507T124321_N0510_R009_T25MBM_20240616T215545.SAFE,2022-05-07,B04,mean,3711.4604,75.0099,S17C24_MANIFEST_0002_A,true,true,true,false,false
S17C24_SBAND_0022,S17C6_CANARY_REC_00001,S2A_MSIL1C_20220507T124321_N0510_R009_T25MBM_20240616T215545.SAFE,2022-05-07,B04,min,1516.0000,75.0099,S17C24_MANIFEST_0002_A,true,true,true,false,false
S17C24_SBAND_0023,S17C6_CANARY_REC_00001,S2A_MSIL1C_20220507T124321_N0510_R009_T25MBM_20240616T215545.SAFE,2022-05-07,B04,max,5868.0000,75.0099,S17C24_MANIFEST_0002_A,true,true,true,false,false
S17C24_SBAND_0024,S17C6_CANARY_REC_00001,S2A_MSIL1C_20220507T124321_N0510_R009_T25MBM_20240616T215545.SAFE,2022-05-07,B04,valid_pixel_count,9900,75.0099,S17C24_MANIFEST_0002_A,true,true,true,false,false
S17C24_SBAND_0025,S17C6_CANARY_REC_00001,S2A_MSIL1C_20220507T124321_N0510_R009_T25MBM_20240616T215545.SAFE,2022-05-07,B08,mean,4349.2816,75.0099,S17C24_MANIFEST_0002_A,true,true,true,false,false
S17C24_SBAND_0026,S17C6_CANARY_REC_00001,S2A_MSIL1C_20220507T124321_N0510_R009_T25MBM_20240616T215545.SAFE,2022-05-07,B08,min,2150.0000,75.0099,S17C24_MANIFEST_0002_A,true,true,true,false,false
S17C24_SBAND_0027,S17C6_CANARY_REC_00001,S2A_MSIL1C_20220507T124321_N0510_R009_T25MBM_20240616T215545.SAFE,2022-05-07,B08,max,6268.0000,75.0099,S17C24_MANIFEST_0002_A,true,true,true,false,false
S17C24_SBAND_0028,S17C6_CANARY_REC_00001,S2A_MSIL1C_20220507T124321_N0510_R009_T25MBM_20240616T215545.SAFE,2022-05-07,B08,valid_pixel_count,9900,75.0099,S17C24_MANIFEST_0002_A,true,true,true,false,false
S17C24_SBAND_0029,S17C6_CANARY_REC_00001,S2A_MSIL1C_20220507T124321_N0510_R009_T25MBM_20240616T215545.SAFE,2022-05-07,B11,mean,3217.9619,75.0099,S17C24_MANIFEST_0002_A,true,true,true,false,false
S17C24_SBAND_0030,S17C6_CANARY_REC_00001,S2A_MSIL1C_20220507T124321_N0510_R009_T25MBM_20240616T215545.SAFE,2022-05-07,B11,min,1828.0000,75.0099,S17C24_MANIFEST_0002_A,true,true,true,false,false
S17C24_SBAND_0031,S17C6_CANARY_REC_00001,S2A_MSIL1C_20220507T124321_N0510_R009_T25MBM_20240616T215545.SAFE,2022-05-07,B11,max,4475.0000,75.0099,S17C24_MANIFEST_0002_A,true,true,true,false,false
S17C24_SBAND_0032,S17C6_CANARY_REC_00001,S2A_MSIL1C_20220507T124321_N0510_R009_T25MBM_20240616T215545.SAFE,2022-05-07,B11,valid_pixel_count,9900,75.0099,S17C24_MANIFEST_0002_A,true,true,true,false,false
S17C24_SBAND_0033,S17C6_CANARY_REC_00001,S2B_MSIL1C_20220512T124319_N0510_R009_T25MBM_20240619T112653.SAFE,2022-05-12,B03,mean,3425.5360,79.7725,S17C24_MANIFEST_0003_A,true,true,true,false,false
S17C24_SBAND_0034,S17C6_CANARY_REC_00001,S2B_MSIL1C_20220512T124319_N0510_R009_T25MBM_20240619T112653.SAFE,2022-05-12,B03,min,270.0000,79.7725,S17C24_MANIFEST_0003_A,true,true,true,false,false
S17C24_SBAND_0035,S17C6_CANARY_REC_00001,S2B_MSIL1C_20220512T124319_N0510_R009_T25MBM_20240619T112653.SAFE,2022-05-12,B03,max,13704.0000,79.7725,S17C24_MANIFEST_0003_A,true,true,true,false,false
S17C24_SBAND_0036,S17C6_CANARY_REC_00001,S2B_MSIL1C_20220512T124319_N0510_R009_T25MBM_20240619T112653.SAFE,2022-05-12,B03,valid_pixel_count,9900,79.7725,S17C24_MANIFEST_0003_A,true,true,true,false,false
S17C24_SBAND_0037,S17C6_CANARY_REC_00001,S2B_MSIL1C_20220512T124319_N0510_R009_T25MBM_20240619T112653.SAFE,2022-05-12,B04,mean,3170.7617,79.7725,S17C24_MANIFEST_0003_A,true,true,true,false,false
S17C24_SBAND_0038,S17C6_CANARY_REC_00001,S2B_MSIL1C_20220512T124319_N0510_R009_T25MBM_20240619T112653.SAFE,2022-05-12,B04,min,182.0000,79.7725,S17C24_MANIFEST_0003_A,true,true,true,false,false
S17C24_SBAND_0039,S17C6_CANARY_REC_00001,S2B_MSIL1C_20220512T124319_N0510_R009_T25MBM_20240619T112653.SAFE,2022-05-12,B04,max,13312.0000,79.7725,S17C24_MANIFEST_0003_A,true,true,true,false,false
S17C24_SBAND_0040,S17C6_CANARY_REC_00001,S2B_MSIL1C_20220512T124319_N0510_R009_T25MBM_20240619T112653.SAFE,2022-05-12,B04,valid_pixel_count,9900,79.7725,S17C24_MANIFEST_0003_A,true,true,true,false,false
S17C24_SBAND_0041,S17C6_CANARY_REC_00001,S2B_MSIL1C_20220512T124319_N0510_R009_T25MBM_20240619T112653.SAFE,2022-05-12,B08,mean,4579.8758,79.7725,S17C24_MANIFEST_0003_A,true,true,true,false,false
S17C24_SBAND_0042,S17C6_CANARY_REC_00001,S2B_MSIL1C_20220512T124319_N0510_R009_T25MBM_20240619T112653.SAFE,2022-05-12,B08,min,861.0000,79.7725,S17C24_MANIFEST_0003_A,true,true,true,false,false
S17C24_SBAND_0043,S17C6_CANARY_REC_00001,S2B_MSIL1C_20220512T124319_N0510_R009_T25MBM_20240619T112653.SAFE,2022-05-12,B08,max,12704.0000,79.7725,S17C24_MANIFEST_0003_A,true,true,true,false,false
S17C24_SBAND_0044,S17C6_CANARY_REC_00001,S2B_MSIL1C_20220512T124319_N0510_R009_T25MBM_20240619T112653.SAFE,2022-05-12,B08,valid_pixel_count,9900,79.7725,S17C24_MANIFEST_0003_A,true,true,true,false,false
S17C24_SBAND_0045,S17C6_CANARY_REC_00001,S2B_MSIL1C_20220512T124319_N0510_R009_T25MBM_20240619T112653.SAFE,2022-05-12,B11,mean,3366.3278,79.7725,S17C24_MANIFEST_0003_A,true,true,true,false,false
S17C24_SBAND_0046,S17C6_CANARY_REC_00001,S2B_MSIL1C_20220512T124319_N0510_R009_T25MBM_20240619T112653.SAFE,2022-05-12,B11,min,469.0000,79.7725,S17C24_MANIFEST_0003_A,true,true,true,false,false
S17C24_SBAND_0047,S17C6_CANARY_REC_00001,S2B_MSIL1C_20220512T124319_N0510_R009_T25MBM_20240619T112653.SAFE,2022-05-12,B11,max,8786.0000,79.7725,S17C24_MANIFEST_0003_A,true,true,true,false,false
S17C24_SBAND_0048,S17C6_CANARY_REC_00001,S2B_MSIL1C_20220512T124319_N0510_R009_T25MBM_20240619T112653.SAFE,2022-05-12,B11,valid_pixel_count,9900,79.7725,S17C24_MANIFEST_0003_A,true,true,true,false,false
S17C24_SBAND_0049,S17C6_CANARY_REC_00002,S2A_MSIL1C_20220427T124321_N0510_R009_T25MBM_20240604T235122.SAFE,2022-04-27,B03,mean,9271.3730,60.5460,S17C24_MANIFEST_0004_A,true,true,true,false,false
S17C24_SBAND_0050,S17C6_CANARY_REC_00002,S2A_MSIL1C_20220427T124321_N0510_R009_T25MBM_20240604T235122.SAFE,2022-04-27,B03,min,644.0000,60.5460,S17C24_MANIFEST_0004_A,true,true,true,false,false
S17C24_SBAND_0051,S17C6_CANARY_REC_00002,S2A_MSIL1C_20220427T124321_N0510_R009_T25MBM_20240604T235122.SAFE,2022-04-27,B03,max,13840.0000,60.5460,S17C24_MANIFEST_0004_A,true,true,true,false,false
S17C24_SBAND_0052,S17C6_CANARY_REC_00002,S2A_MSIL1C_20220427T124321_N0510_R009_T25MBM_20240604T235122.SAFE,2022-04-27,B03,valid_pixel_count,9900,60.5460,S17C24_MANIFEST_0004_A,true,true,true,false,false
S17C24_SBAND_0053,S17C6_CANARY_REC_00002,S2A_MSIL1C_20220427T124321_N0510_R009_T25MBM_20240604T235122.SAFE,2022-04-27,B04,mean,8917.5982,60.5460,S17C24_MANIFEST_0004_A,true,true,true,false,false
S17C24_SBAND_0054,S17C6_CANARY_REC_00002,S2A_MSIL1C_20220427T124321_N0510_R009_T25MBM_20240604T235122.SAFE,2022-04-27,B04,min,578.0000,60.5460,S17C24_MANIFEST_0004_A,true,true,true,false,false
S17C24_SBAND_0055,S17C6_CANARY_REC_00002,S2A_MSIL1C_20220427T124321_N0510_R009_T25MBM_20240604T235122.SAFE,2022-04-27,B04,max,13336.0000,60.5460,S17C24_MANIFEST_0004_A,true,true,true,false,false
S17C24_SBAND_0056,S17C6_CANARY_REC_00002,S2A_MSIL1C_20220427T124321_N0510_R009_T25MBM_20240604T235122.SAFE,2022-04-27,B04,valid_pixel_count,9900,60.5460,S17C24_MANIFEST_0004_A,true,true,true,false,false
S17C24_SBAND_0057,S17C6_CANARY_REC_00002,S2A_MSIL1C_20220427T124321_N0510_R009_T25MBM_20240604T235122.SAFE,2022-04-27,B08,mean,8562.6289,60.5460,S17C24_MANIFEST_0004_A,true,true,true,false,false
S17C24_SBAND_0058,S17C6_CANARY_REC_00002,S2A_MSIL1C_20220427T124321_N0510_R009_T25MBM_20240604T235122.SAFE,2022-04-27,B08,min,864.0000,60.5460,S17C24_MANIFEST_0004_A,true,true,true,false,false
S17C24_SBAND_0059,S17C6_CANARY_REC_00002,S2A_MSIL1C_20220427T124321_N0510_R009_T25MBM_20240604T235122.SAFE,2022-04-27,B08,max,12696.0000,60.5460,S17C24_MANIFEST_0004_A,true,true,true,false,false
S17C24_SBAND_0060,S17C6_CANARY_REC_00002,S2A_MSIL1C_20220427T124321_N0510_R009_T25MBM_20240604T235122.SAFE,2022-04-27,B08,valid_pixel_count,9900,60.5460,S17C24_MANIFEST_0004_A,true,true,true,false,false
S17C24_SBAND_0061,S17C6_CANARY_REC_00002,S2A_MSIL1C_20220427T124321_N0510_R009_T25MBM_20240604T235122.SAFE,2022-04-27,B11,mean,5202.0936,60.5460,S17C24_MANIFEST_0004_A,true,true,true,false,false
S17C24_SBAND_0062,S17C6_CANARY_REC_00002,S2A_MSIL1C_20220427T124321_N0510_R009_T25MBM_20240604T235122.SAFE,2022-04-27,B11,min,897.0000,60.5460,S17C24_MANIFEST_0004_A,true,true,true,false,false
S17C24_SBAND_0063,S17C6_CANARY_REC_00002,S2A_MSIL1C_20220427T124321_N0510_R009_T25MBM_20240604T235122.SAFE,2022-04-27,B11,max,7260.0000,60.5460,S17C24_MANIFEST_0004_A,true,true,true,false,false
S17C24_SBAND_0064,S17C6_CANARY_REC_00002,S2A_MSIL1C_20220427T124321_N0510_R009_T25MBM_20240604T235122.SAFE,2022-04-27,B11,valid_pixel_count,9900,60.5460,S17C24_MANIFEST_0004_A,true,true,true,false,false
S17C24_SBAND_0065,S17C6_CANARY_REC_00002,S2A_MSIL1C_20220507T124321_N0510_R009_T25MBM_20240616T215545.SAFE,2022-05-07,B03,mean,3150.4145,75.0099,S17C24_MANIFEST_0005_A,true,true,true,false,false
S17C24_SBAND_0066,S17C6_CANARY_REC_00002,S2A_MSIL1C_20220507T124321_N0510_R009_T25MBM_20240616T215545.SAFE,2022-05-07,B03,min,1070.0000,75.0099,S17C24_MANIFEST_0005_A,true,true,true,false,false
S17C24_SBAND_0067,S17C6_CANARY_REC_00002,S2A_MSIL1C_20220507T124321_N0510_R009_T25MBM_20240616T215545.SAFE,2022-05-07,B03,max,5960.0000,75.0099,S17C24_MANIFEST_0005_A,true,true,true,false,false
S17C24_SBAND_0068,S17C6_CANARY_REC_00002,S2A_MSIL1C_20220507T124321_N0510_R009_T25MBM_20240616T215545.SAFE,2022-05-07,B03,valid_pixel_count,9900,75.0099,S17C24_MANIFEST_0005_A,true,true,true,false,false
S17C24_SBAND_0069,S17C6_CANARY_REC_00002,S2A_MSIL1C_20220507T124321_N0510_R009_T25MBM_20240616T215545.SAFE,2022-05-07,B04,mean,2946.3578,75.0099,S17C24_MANIFEST_0005_A,true,true,true,false,false
S17C24_SBAND_0070,S17C6_CANARY_REC_00002,S2A_MSIL1C_20220507T124321_N0510_R009_T25MBM_20240616T215545.SAFE,2022-05-07,B04,min,1044.0000,75.0099,S17C24_MANIFEST_0005_A,true,true,true,false,false
S17C24_SBAND_0071,S17C6_CANARY_REC_00002,S2A_MSIL1C_20220507T124321_N0510_R009_T25MBM_20240616T215545.SAFE,2022-05-07,B04,max,5620.0000,75.0099,S17C24_MANIFEST_0005_A,true,true,true,false,false
S17C24_SBAND_0072,S17C6_CANARY_REC_00002,S2A_MSIL1C_20220507T124321_N0510_R009_T25MBM_20240616T215545.SAFE,2022-05-07,B04,valid_pixel_count,9900,75.0099,S17C24_MANIFEST_0005_A,true,true,true,false,false
S17C24_SBAND_0073,S17C6_CANARY_REC_00002,S2A_MSIL1C_20220507T124321_N0510_R009_T25MBM_20240616T215545.SAFE,2022-05-07,B08,mean,3779.0509,75.0099,S17C24_MANIFEST_0005_A,true,true,true,false,false
S17C24_SBAND_0074,S17C6_CANARY_REC_00002,S2A_MSIL1C_20220507T124321_N0510_R009_T25MBM_20240616T215545.SAFE,2022-05-07,B08,min,1888.0000,75.0099,S17C24_MANIFEST_0005_A,true,true,true,false,false
S17C24_SBAND_0075,S17C6_CANARY_REC_00002,S2A_MSIL1C_20220507T124321_N0510_R009_T25MBM_20240616T215545.SAFE,2022-05-07,B08,max,6136.0000,75.0099,S17C24_MANIFEST_0005_A,true,true,true,false,false
S17C24_SBAND_0076,S17C6_CANARY_REC_00002,S2A_MSIL1C_20220507T124321_N0510_R009_T25MBM_20240616T215545.SAFE,2022-05-07,B08,valid_pixel_count,9900,75.0099,S17C24_MANIFEST_0005_A,true,true,true,false,false
S17C24_SBAND_0077,S17C6_CANARY_REC_00002,S2A_MSIL1C_20220507T124321_N0510_R009_T25MBM_20240616T215545.SAFE,2022-05-07,B11,mean,2814.7830,75.0099,S17C24_MANIFEST_0005_A,true,true,true,false,false
S17C24_SBAND_0078,S17C6_CANARY_REC_00002,S2A_MSIL1C_20220507T124321_N0510_R009_T25MBM_20240616T215545.SAFE,2022-05-07,B11,min,1569.0000,75.0099,S17C24_MANIFEST_0005_A,true,true,true,false,false
S17C24_SBAND_0079,S17C6_CANARY_REC_00002,S2A_MSIL1C_20220507T124321_N0510_R009_T25MBM_20240616T215545.SAFE,2022-05-07,B11,max,4408.0000,75.0099,S17C24_MANIFEST_0005_A,true,true,true,false,false
S17C24_SBAND_0080,S17C6_CANARY_REC_00002,S2A_MSIL1C_20220507T124321_N0510_R009_T25MBM_20240616T215545.SAFE,2022-05-07,B11,valid_pixel_count,9900,75.0099,S17C24_MANIFEST_0005_A,true,true,true,false,false
S17C24_SBAND_0081,S17C6_CANARY_REC_00002,S2B_MSIL1C_20220512T124319_N0510_R009_T25MBM_20240619T112653.SAFE,2022-05-12,B03,mean,4603.0328,79.7725,S17C24_MANIFEST_0006_A,true,true,true,false,false
S17C24_SBAND_0082,S17C6_CANARY_REC_00002,S2B_MSIL1C_20220512T124319_N0510_R009_T25MBM_20240619T112653.SAFE,2022-05-12,B03,min,248.0000,79.7725,S17C24_MANIFEST_0006_A,true,true,true,false,false
S17C24_SBAND_0083,S17C6_CANARY_REC_00002,S2B_MSIL1C_20220512T124319_N0510_R009_T25MBM_20240619T112653.SAFE,2022-05-12,B03,max,11344.0000,79.7725,S17C24_MANIFEST_0006_A,true,true,true,false,false
S17C24_SBAND_0084,S17C6_CANARY_REC_00002,S2B_MSIL1C_20220512T124319_N0510_R009_T25MBM_20240619T112653.SAFE,2022-05-12,B03,valid_pixel_count,9900,79.7725,S17C24_MANIFEST_0006_A,true,true,true,false,false
S17C24_SBAND_0085,S17C6_CANARY_REC_00002,S2B_MSIL1C_20220512T124319_N0510_R009_T25MBM_20240619T112653.SAFE,2022-05-12,B04,mean,4433.0655,79.7725,S17C24_MANIFEST_0006_A,true,true,true,false,false
S17C24_SBAND_0086,S17C6_CANARY_REC_00002,S2B_MSIL1C_20220512T124319_N0510_R009_T25MBM_20240619T112653.SAFE,2022-05-12,B04,min,168.0000,79.7725,S17C24_MANIFEST_0006_A,true,true,true,false,false
S17C24_SBAND_0087,S17C6_CANARY_REC_00002,S2B_MSIL1C_20220512T124319_N0510_R009_T25MBM_20240619T112653.SAFE,2022-05-12,B04,max,11008.0000,79.7725,S17C24_MANIFEST_0006_A,true,true,true,false,false
S17C24_SBAND_0088,S17C6_CANARY_REC_00002,S2B_MSIL1C_20220512T124319_N0510_R009_T25MBM_20240619T112653.SAFE,2022-05-12,B04,valid_pixel_count,9900,79.7725,S17C24_MANIFEST_0006_A,true,true,true,false,false
S17C24_SBAND_0089,S17C6_CANARY_REC_00002,S2B_MSIL1C_20220512T124319_N0510_R009_T25MBM_20240619T112653.SAFE,2022-05-12,B08,mean,5048.8067,79.7725,S17C24_MANIFEST_0006_A,true,true,true,false,false
S17C24_SBAND_0090,S17C6_CANARY_REC_00002,S2B_MSIL1C_20220512T124319_N0510_R009_T25MBM_20240619T112653.SAFE,2022-05-12,B08,min,820.0000,79.7725,S17C24_MANIFEST_0006_A,true,true,true,false,false
S17C24_SBAND_0091,S17C6_CANARY_REC_00002,S2B_MSIL1C_20220512T124319_N0510_R009_T25MBM_20240619T112653.SAFE,2022-05-12,B08,max,10824.0000,79.7725,S17C24_MANIFEST_0006_A,true,true,true,false,false
S17C24_SBAND_0092,S17C6_CANARY_REC_00002,S2B_MSIL1C_20220512T124319_N0510_R009_T25MBM_20240619T112653.SAFE,2022-05-12,B08,valid_pixel_count,9900,79.7725,S17C24_MANIFEST_0006_A,true,true,true,false,false
S17C24_SBAND_0093,S17C6_CANARY_REC_00002,S2B_MSIL1C_20220512T124319_N0510_R009_T25MBM_20240619T112653.SAFE,2022-05-12,B11,mean,4281.1348,79.7725,S17C24_MANIFEST_0006_A,true,true,true,false,false
S17C24_SBAND_0094,S17C6_CANARY_REC_00002,S2B_MSIL1C_20220512T124319_N0510_R009_T25MBM_20240619T112653.SAFE,2022-05-12,B11,min,473.0000,79.7725,S17C24_MANIFEST_0006_A,true,true,true,false,false
S17C24_SBAND_0095,S17C6_CANARY_REC_00002,S2B_MSIL1C_20220512T124319_N0510_R009_T25MBM_20240619T112653.SAFE,2022-05-12,B11,max,8031.0000,79.7725,S17C24_MANIFEST_0006_A,true,true,true,false,false
S17C24_SBAND_0096,S17C6_CANARY_REC_00002,S2B_MSIL1C_20220512T124319_N0510_R009_T25MBM_20240619T112653.SAFE,2022-05-12,B11,valid_pixel_count,9900,79.7725,S17C24_MANIFEST_0006_A,true,true,true,false,false
S17C24_SBAND_0097,S17C6_CANARY_REC_00003,S2A_MSIL1C_20220427T124321_N0510_R009_T25MBM_20240604T235122.SAFE,2022-04-27,B03,mean,2560.6969,60.5460,S17C24_MANIFEST_0007_A,true,true,true,false,false
S17C24_SBAND_0098,S17C6_CANARY_REC_00003,S2A_MSIL1C_20220427T124321_N0510_R009_T25MBM_20240604T235122.SAFE,2022-04-27,B03,min,320.0000,60.5460,S17C24_MANIFEST_0007_A,true,true,true,false,false
S17C24_SBAND_0099,S17C6_CANARY_REC_00003,S2A_MSIL1C_20220427T124321_N0510_R009_T25MBM_20240604T235122.SAFE,2022-04-27,B03,max,7552.0000,60.5460,S17C24_MANIFEST_0007_A,true,true,true,false,false
S17C24_SBAND_0100,S17C6_CANARY_REC_00003,S2A_MSIL1C_20220427T124321_N0510_R009_T25MBM_20240604T235122.SAFE,2022-04-27,B03,valid_pixel_count,9900,60.5460,S17C24_MANIFEST_0007_A,true,true,true,false,false
S17C24_SBAND_0101,S17C6_CANARY_REC_00003,S2A_MSIL1C_20220427T124321_N0510_R009_T25MBM_20240604T235122.SAFE,2022-04-27,B04,mean,2433.4144,60.5460,S17C24_MANIFEST_0007_A,true,true,true,false,false
S17C24_SBAND_0102,S17C6_CANARY_REC_00003,S2A_MSIL1C_20220427T124321_N0510_R009_T25MBM_20240604T235122.SAFE,2022-04-27,B04,min,215.0000,60.5460,S17C24_MANIFEST_0007_A,true,true,true,false,false
S17C24_SBAND_0103,S17C6_CANARY_REC_00003,S2A_MSIL1C_20220427T124321_N0510_R009_T25MBM_20240604T235122.SAFE,2022-04-27,B04,max,7216.0000,60.5460,S17C24_MANIFEST_0007_A,true,true,true,false,false
S17C24_SBAND_0104,S17C6_CANARY_REC_00003,S2A_MSIL1C_20220427T124321_N0510_R009_T25MBM_20240604T235122.SAFE,2022-04-27,B04,valid_pixel_count,9900,60.5460,S17C24_MANIFEST_0007_A,true,true,true,false,false
S17C24_SBAND_0105,S17C6_CANARY_REC_00003,S2A_MSIL1C_20220427T124321_N0510_R009_T25MBM_20240604T235122.SAFE,2022-04-27,B08,mean,3473.4278,60.5460,S17C24_MANIFEST_0007_A,true,true,true,false,false
S17C24_SBAND_0106,S17C6_CANARY_REC_00003,S2A_MSIL1C_20220427T124321_N0510_R009_T25MBM_20240604T235122.SAFE,2022-04-27,B08,min,669.0000,60.5460,S17C24_MANIFEST_0007_A,true,true,true,false,false
S17C24_SBAND_0107,S17C6_CANARY_REC_00003,S2A_MSIL1C_20220427T124321_N0510_R009_T25MBM_20240604T235122.SAFE,2022-04-27,B08,max,7280.0000,60.5460,S17C24_MANIFEST_0007_A,true,true,true,false,false
S17C24_SBAND_0108,S17C6_CANARY_REC_00003,S2A_MSIL1C_20220427T124321_N0510_R009_T25MBM_20240604T235122.SAFE,2022-04-27,B08,valid_pixel_count,9900,60.5460,S17C24_MANIFEST_0007_A,true,true,true,false,false
S17C24_SBAND_0109,S17C6_CANARY_REC_00003,S2A_MSIL1C_20220427T124321_N0510_R009_T25MBM_20240604T235122.SAFE,2022-04-27,B11,mean,2961.0876,60.5460,S17C24_MANIFEST_0007_A,true,true,true,false,false
S17C24_SBAND_0110,S17C6_CANARY_REC_00003,S2A_MSIL1C_20220427T124321_N0510_R009_T25MBM_20240604T235122.SAFE,2022-04-27,B11,min,600.0000,60.5460,S17C24_MANIFEST_0007_A,true,true,true,false,false
S17C24_SBAND_0111,S17C6_CANARY_REC_00003,S2A_MSIL1C_20220427T124321_N0510_R009_T25MBM_20240604T235122.SAFE,2022-04-27,B11,max,6297.0000,60.5460,S17C24_MANIFEST_0007_A,true,true,true,false,false
S17C24_SBAND_0112,S17C6_CANARY_REC_00003,S2A_MSIL1C_20220427T124321_N0510_R009_T25MBM_20240604T235122.SAFE,2022-04-27,B11,valid_pixel_count,9900,60.5460,S17C24_MANIFEST_0007_A,true,true,true,false,false
S17C24_SBAND_0113,S17C6_CANARY_REC_00003,S2A_MSIL1C_20220507T124321_N0510_R009_T25MBM_20240616T215545.SAFE,2022-05-07,B03,mean,5962.9592,75.0099,S17C24_MANIFEST_0008_A,true,true,true,false,false
S17C24_SBAND_0114,S17C6_CANARY_REC_00003,S2A_MSIL1C_20220507T124321_N0510_R009_T25MBM_20240616T215545.SAFE,2022-05-07,B03,min,3240.0000,75.0099,S17C24_MANIFEST_0008_A,true,true,true,false,false
S17C24_SBAND_0115,S17C6_CANARY_REC_00003,S2A_MSIL1C_20220507T124321_N0510_R009_T25MBM_20240616T215545.SAFE,2022-05-07,B03,max,7272.0000,75.0099,S17C24_MANIFEST_0008_A,true,true,true,false,false
S17C24_SBAND_0116,S17C6_CANARY_REC_00003,S2A_MSIL1C_20220507T124321_N0510_R009_T25MBM_20240616T215545.SAFE,2022-05-07,B03,valid_pixel_count,9900,75.0099,S17C24_MANIFEST_0008_A,true,true,true,false,false
S17C24_SBAND_0117,S17C6_CANARY_REC_00003,S2A_MSIL1C_20220507T124321_N0510_R009_T25MBM_20240616T215545.SAFE,2022-05-07,B04,mean,5549.7897,75.0099,S17C24_MANIFEST_0008_A,true,true,true,false,false
S17C24_SBAND_0118,S17C6_CANARY_REC_00003,S2A_MSIL1C_20220507T124321_N0510_R009_T25MBM_20240616T215545.SAFE,2022-05-07,B04,min,2744.0000,75.0099,S17C24_MANIFEST_0008_A,true,true,true,false,false
S17C24_SBAND_0119,S17C6_CANARY_REC_00003,S2A_MSIL1C_20220507T124321_N0510_R009_T25MBM_20240616T215545.SAFE,2022-05-07,B04,max,6828.0000,75.0099,S17C24_MANIFEST_0008_A,true,true,true,false,false
S17C24_SBAND_0120,S17C6_CANARY_REC_00003,S2A_MSIL1C_20220507T124321_N0510_R009_T25MBM_20240616T215545.SAFE,2022-05-07,B04,valid_pixel_count,9900,75.0099,S17C24_MANIFEST_0008_A,true,true,true,false,false
S17C24_SBAND_0121,S17C6_CANARY_REC_00003,S2A_MSIL1C_20220507T124321_N0510_R009_T25MBM_20240616T215545.SAFE,2022-05-07,B08,mean,6018.8574,75.0099,S17C24_MANIFEST_0008_A,true,true,true,false,false
S17C24_SBAND_0122,S17C6_CANARY_REC_00003,S2A_MSIL1C_20220507T124321_N0510_R009_T25MBM_20240616T215545.SAFE,2022-05-07,B08,min,4152.0000,75.0099,S17C24_MANIFEST_0008_A,true,true,true,false,false
S17C24_SBAND_0123,S17C6_CANARY_REC_00003,S2A_MSIL1C_20220507T124321_N0510_R009_T25MBM_20240616T215545.SAFE,2022-05-07,B08,max,7168.0000,75.0099,S17C24_MANIFEST_0008_A,true,true,true,false,false
S17C24_SBAND_0124,S17C6_CANARY_REC_00003,S2A_MSIL1C_20220507T124321_N0510_R009_T25MBM_20240616T215545.SAFE,2022-05-07,B08,valid_pixel_count,9900,75.0099,S17C24_MANIFEST_0008_A,true,true,true,false,false
S17C24_SBAND_0125,S17C6_CANARY_REC_00003,S2A_MSIL1C_20220507T124321_N0510_R009_T25MBM_20240616T215545.SAFE,2022-05-07,B11,mean,4377.3163,75.0099,S17C24_MANIFEST_0008_A,true,true,true,false,false
S17C24_SBAND_0126,S17C6_CANARY_REC_00003,S2A_MSIL1C_20220507T124321_N0510_R009_T25MBM_20240616T215545.SAFE,2022-05-07,B11,min,3005.0000,75.0099,S17C24_MANIFEST_0008_A,true,true,true,false,false
S17C24_SBAND_0127,S17C6_CANARY_REC_00003,S2A_MSIL1C_20220507T124321_N0510_R009_T25MBM_20240616T215545.SAFE,2022-05-07,B11,max,5043.0000,75.0099,S17C24_MANIFEST_0008_A,true,true,true,false,false
S17C24_SBAND_0128,S17C6_CANARY_REC_00003,S2A_MSIL1C_20220507T124321_N0510_R009_T25MBM_20240616T215545.SAFE,2022-05-07,B11,valid_pixel_count,9900,75.0099,S17C24_MANIFEST_0008_A,true,true,true,false,false
S17C24_SBAND_0129,S17C6_CANARY_REC_00003,S2B_MSIL1C_20220512T124319_N0510_R009_T25MBM_20240619T112653.SAFE,2022-05-12,B03,mean,5613.7218,79.7725,S17C24_MANIFEST_0009_A,true,true,true,false,false
S17C24_SBAND_0130,S17C6_CANARY_REC_00003,S2B_MSIL1C_20220512T124319_N0510_R009_T25MBM_20240619T112653.SAFE,2022-05-12,B03,min,299.0000,79.7725,S17C24_MANIFEST_0009_A,true,true,true,false,false
S17C24_SBAND_0131,S17C6_CANARY_REC_00003,S2B_MSIL1C_20220512T124319_N0510_R009_T25MBM_20240619T112653.SAFE,2022-05-12,B03,max,13728.0000,79.7725,S17C24_MANIFEST_0009_A,true,true,true,false,false
S17C24_SBAND_0132,S17C6_CANARY_REC_00003,S2B_MSIL1C_20220512T124319_N0510_R009_T25MBM_20240619T112653.SAFE,2022-05-12,B03,valid_pixel_count,9900,79.7725,S17C24_MANIFEST_0009_A,true,true,true,false,false
S17C24_SBAND_0133,S17C6_CANARY_REC_00003,S2B_MSIL1C_20220512T124319_N0510_R009_T25MBM_20240619T112653.SAFE,2022-05-12,B04,mean,5401.7767,79.7725,S17C24_MANIFEST_0009_A,true,true,true,false,false
S17C24_SBAND_0134,S17C6_CANARY_REC_00003,S2B_MSIL1C_20220512T124319_N0510_R009_T25MBM_20240619T112653.SAFE,2022-05-12,B04,min,196.0000,79.7725,S17C24_MANIFEST_0009_A,true,true,true,false,false
S17C24_SBAND_0135,S17C6_CANARY_REC_00003,S2B_MSIL1C_20220512T124319_N0510_R009_T25MBM_20240619T112653.SAFE,2022-05-12,B04,max,13464.0000,79.7725,S17C24_MANIFEST_0009_A,true,true,true,false,false
S17C24_SBAND_0136,S17C6_CANARY_REC_00003,S2B_MSIL1C_20220512T124319_N0510_R009_T25MBM_20240619T112653.SAFE,2022-05-12,B04,valid_pixel_count,9900,79.7725,S17C24_MANIFEST_0009_A,true,true,true,false,false
S17C24_SBAND_0137,S17C6_CANARY_REC_00003,S2B_MSIL1C_20220512T124319_N0510_R009_T25MBM_20240619T112653.SAFE,2022-05-12,B08,mean,6149.8449,79.7725,S17C24_MANIFEST_0009_A,true,true,true,false,false
S17C24_SBAND_0138,S17C6_CANARY_REC_00003,S2B_MSIL1C_20220512T124319_N0510_R009_T25MBM_20240619T112653.SAFE,2022-05-12,B08,min,552.0000,79.7725,S17C24_MANIFEST_0009_A,true,true,true,false,false
S17C24_SBAND_0139,S17C6_CANARY_REC_00003,S2B_MSIL1C_20220512T124319_N0510_R009_T25MBM_20240619T112653.SAFE,2022-05-12,B08,max,12912.0000,79.7725,S17C24_MANIFEST_0009_A,true,true,true,false,false
S17C24_SBAND_0140,S17C6_CANARY_REC_00003,S2B_MSIL1C_20220512T124319_N0510_R009_T25MBM_20240619T112653.SAFE,2022-05-12,B08,valid_pixel_count,9900,79.7725,S17C24_MANIFEST_0009_A,true,true,true,false,false
S17C24_SBAND_0141,S17C6_CANARY_REC_00003,S2B_MSIL1C_20220512T124319_N0510_R009_T25MBM_20240619T112653.SAFE,2022-05-12,B11,mean,5252.6136,79.7725,S17C24_MANIFEST_0009_A,true,true,true,false,false
S17C24_SBAND_0142,S17C6_CANARY_REC_00003,S2B_MSIL1C_20220512T124319_N0510_R009_T25MBM_20240619T112653.SAFE,2022-05-12,B11,min,584.0000,79.7725,S17C24_MANIFEST_0009_A,true,true,true,false,false
S17C24_SBAND_0143,S17C6_CANARY_REC_00003,S2B_MSIL1C_20220512T124319_N0510_R009_T25MBM_20240619T112653.SAFE,2022-05-12,B11,max,10098.0000,79.7725,S17C24_MANIFEST_0009_A,true,true,true,false,false
S17C24_SBAND_0144,S17C6_CANARY_REC_00003,S2B_MSIL1C_20220512T124319_N0510_R009_T25MBM_20240619T112653.SAFE,2022-05-12,B11,valid_pixel_count,9900,79.7725,S17C24_MANIFEST_0009_A,true,true,true,false,false
S17C24_SBAND_0145,S17C6_CANARY_REC_00004,S2A_MSIL1C_20220427T124321_N0510_R009_T25MBM_20240604T235122.SAFE,2022-04-27,B03,mean,4347.2613,60.5460,S17C24_MANIFEST_0010_A,true,true,true,false,false
S17C24_SBAND_0146,S17C6_CANARY_REC_00004,S2A_MSIL1C_20220427T124321_N0510_R009_T25MBM_20240604T235122.SAFE,2022-04-27,B03,min,376.0000,60.5460,S17C24_MANIFEST_0010_A,true,true,true,false,false
S17C24_SBAND_0147,S17C6_CANARY_REC_00004,S2A_MSIL1C_20220427T124321_N0510_R009_T25MBM_20240604T235122.SAFE,2022-04-27,B03,max,13840.0000,60.5460,S17C24_MANIFEST_0010_A,true,true,true,false,false
S17C24_SBAND_0148,S17C6_CANARY_REC_00004,S2A_MSIL1C_20220427T124321_N0510_R009_T25MBM_20240604T235122.SAFE,2022-04-27,B03,valid_pixel_count,9900,60.5460,S17C24_MANIFEST_0010_A,true,true,true,false,false
S17C24_SBAND_0149,S17C6_CANARY_REC_00004,S2A_MSIL1C_20220427T124321_N0510_R009_T25MBM_20240604T235122.SAFE,2022-04-27,B04,mean,4155.1559,60.5460,S17C24_MANIFEST_0010_A,true,true,true,false,false
S17C24_SBAND_0150,S17C6_CANARY_REC_00004,S2A_MSIL1C_20220427T124321_N0510_R009_T25MBM_20240604T235122.SAFE,2022-04-27,B04,min,246.0000,60.5460,S17C24_MANIFEST_0010_A,true,true,true,false,false
S17C24_SBAND_0151,S17C6_CANARY_REC_00004,S2A_MSIL1C_20220427T124321_N0510_R009_T25MBM_20240604T235122.SAFE,2022-04-27,B04,max,13424.0000,60.5460,S17C24_MANIFEST_0010_A,true,true,true,false,false
S17C24_SBAND_0152,S17C6_CANARY_REC_00004,S2A_MSIL1C_20220427T124321_N0510_R009_T25MBM_20240604T235122.SAFE,2022-04-27,B04,valid_pixel_count,9900,60.5460,S17C24_MANIFEST_0010_A,true,true,true,false,false
S17C24_SBAND_0153,S17C6_CANARY_REC_00004,S2A_MSIL1C_20220427T124321_N0510_R009_T25MBM_20240604T235122.SAFE,2022-04-27,B08,mean,4536.0877,60.5460,S17C24_MANIFEST_0010_A,true,true,true,false,false
S17C24_SBAND_0154,S17C6_CANARY_REC_00004,S2A_MSIL1C_20220427T124321_N0510_R009_T25MBM_20240604T235122.SAFE,2022-04-27,B08,min,508.0000,60.5460,S17C24_MANIFEST_0010_A,true,true,true,false,false
S17C24_SBAND_0155,S17C6_CANARY_REC_00004,S2A_MSIL1C_20220427T124321_N0510_R009_T25MBM_20240604T235122.SAFE,2022-04-27,B08,max,12904.0000,60.5460,S17C24_MANIFEST_0010_A,true,true,true,false,false
S17C24_SBAND_0156,S17C6_CANARY_REC_00004,S2A_MSIL1C_20220427T124321_N0510_R009_T25MBM_20240604T235122.SAFE,2022-04-27,B08,valid_pixel_count,9900,60.5460,S17C24_MANIFEST_0010_A,true,true,true,false,false
S17C24_SBAND_0157,S17C6_CANARY_REC_00004,S2A_MSIL1C_20220427T124321_N0510_R009_T25MBM_20240604T235122.SAFE,2022-04-27,B11,mean,3234.8384,60.5460,S17C24_MANIFEST_0010_A,true,true,true,false,false
S17C24_SBAND_0158,S17C6_CANARY_REC_00004,S2A_MSIL1C_20220427T124321_N0510_R009_T25MBM_20240604T235122.SAFE,2022-04-27,B11,min,448.0000,60.5460,S17C24_MANIFEST_0010_A,true,true,true,false,false
S17C24_SBAND_0159,S17C6_CANARY_REC_00004,S2A_MSIL1C_20220427T124321_N0510_R009_T25MBM_20240604T235122.SAFE,2022-04-27,B11,max,8394.0000,60.5460,S17C24_MANIFEST_0010_A,true,true,true,false,false
S17C24_SBAND_0160,S17C6_CANARY_REC_00004,S2A_MSIL1C_20220427T124321_N0510_R009_T25MBM_20240604T235122.SAFE,2022-04-27,B11,valid_pixel_count,9900,60.5460,S17C24_MANIFEST_0010_A,true,true,true,false,false
S17C24_SBAND_0161,S17C6_CANARY_REC_00004,S2A_MSIL1C_20220507T124321_N0510_R009_T25MBM_20240616T215545.SAFE,2022-05-07,B03,mean,5073.6683,75.0099,S17C24_MANIFEST_0011_A,true,true,true,false,false
S17C24_SBAND_0162,S17C6_CANARY_REC_00004,S2A_MSIL1C_20220507T124321_N0510_R009_T25MBM_20240616T215545.SAFE,2022-05-07,B03,min,2180.0000,75.0099,S17C24_MANIFEST_0011_A,true,true,true,false,false
S17C24_SBAND_0163,S17C6_CANARY_REC_00004,S2A_MSIL1C_20220507T124321_N0510_R009_T25MBM_20240616T215545.SAFE,2022-05-07,B03,max,7120.0000,75.0099,S17C24_MANIFEST_0011_A,true,true,true,false,false
S17C24_SBAND_0164,S17C6_CANARY_REC_00004,S2A_MSIL1C_20220507T124321_N0510_R009_T25MBM_20240616T215545.SAFE,2022-05-07,B03,valid_pixel_count,9900,75.0099,S17C24_MANIFEST_0011_A,true,true,true,false,false
S17C24_SBAND_0165,S17C6_CANARY_REC_00004,S2A_MSIL1C_20220507T124321_N0510_R009_T25MBM_20240616T215545.SAFE,2022-05-07,B04,mean,4764.7594,75.0099,S17C24_MANIFEST_0011_A,true,true,true,false,false
S17C24_SBAND_0166,S17C6_CANARY_REC_00004,S2A_MSIL1C_20220507T124321_N0510_R009_T25MBM_20240616T215545.SAFE,2022-05-07,B04,min,2230.0000,75.0099,S17C24_MANIFEST_0011_A,true,true,true,false,false
S17C24_SBAND_0167,S17C6_CANARY_REC_00004,S2A_MSIL1C_20220507T124321_N0510_R009_T25MBM_20240616T215545.SAFE,2022-05-07,B04,max,6744.0000,75.0099,S17C24_MANIFEST_0011_A,true,true,true,false,false
S17C24_SBAND_0168,S17C6_CANARY_REC_00004,S2A_MSIL1C_20220507T124321_N0510_R009_T25MBM_20240616T215545.SAFE,2022-05-07,B04,valid_pixel_count,9900,75.0099,S17C24_MANIFEST_0011_A,true,true,true,false,false
S17C24_SBAND_0169,S17C6_CANARY_REC_00004,S2A_MSIL1C_20220507T124321_N0510_R009_T25MBM_20240616T215545.SAFE,2022-05-07,B08,mean,5360.1499,75.0099,S17C24_MANIFEST_0011_A,true,true,true,false,false
S17C24_SBAND_0170,S17C6_CANARY_REC_00004,S2A_MSIL1C_20220507T124321_N0510_R009_T25MBM_20240616T215545.SAFE,2022-05-07,B08,min,2920.0000,75.0099,S17C24_MANIFEST_0011_A,true,true,true,false,false
S17C24_SBAND_0171,S17C6_CANARY_REC_00004,S2A_MSIL1C_20220507T124321_N0510_R009_T25MBM_20240616T215545.SAFE,2022-05-07,B08,max,6992.0000,75.0099,S17C24_MANIFEST_0011_A,true,true,true,false,false
S17C24_SBAND_0172,S17C6_CANARY_REC_00004,S2A_MSIL1C_20220507T124321_N0510_R009_T25MBM_20240616T215545.SAFE,2022-05-07,B08,valid_pixel_count,9900,75.0099,S17C24_MANIFEST_0011_A,true,true,true,false,false
S17C24_SBAND_0173,S17C6_CANARY_REC_00004,S2A_MSIL1C_20220507T124321_N0510_R009_T25MBM_20240616T215545.SAFE,2022-05-07,B11,mean,3921.6814,75.0099,S17C24_MANIFEST_0011_A,true,true,true,false,false
S17C24_SBAND_0174,S17C6_CANARY_REC_00004,S2A_MSIL1C_20220507T124321_N0510_R009_T25MBM_20240616T215545.SAFE,2022-05-07,B11,min,2471.0000,75.0099,S17C24_MANIFEST_0011_A,true,true,true,false,false
S17C24_SBAND_0175,S17C6_CANARY_REC_00004,S2A_MSIL1C_20220507T124321_N0510_R009_T25MBM_20240616T215545.SAFE,2022-05-07,B11,max,4979.0000,75.0099,S17C24_MANIFEST_0011_A,true,true,true,false,false
S17C24_SBAND_0176,S17C6_CANARY_REC_00004,S2A_MSIL1C_20220507T124321_N0510_R009_T25MBM_20240616T215545.SAFE,2022-05-07,B11,valid_pixel_count,9900,75.0099,S17C24_MANIFEST_0011_A,true,true,true,false,false
S17C24_SBAND_0177,S17C6_CANARY_REC_00004,S2B_MSIL1C_20220512T124319_N0510_R009_T25MBM_20240619T112653.SAFE,2022-05-12,B03,mean,2531.2261,79.7725,S17C24_MANIFEST_0012_A,true,true,true,false,false
S17C24_SBAND_0178,S17C6_CANARY_REC_00004,S2B_MSIL1C_20220512T124319_N0510_R009_T25MBM_20240619T112653.SAFE,2022-05-12,B03,min,338.0000,79.7725,S17C24_MANIFEST_0012_A,true,true,true,false,false
S17C24_SBAND_0179,S17C6_CANARY_REC_00004,S2B_MSIL1C_20220512T124319_N0510_R009_T25MBM_20240619T112653.SAFE,2022-05-12,B03,max,12328.0000,79.7725,S17C24_MANIFEST_0012_A,true,true,true,false,false
S17C24_SBAND_0180,S17C6_CANARY_REC_00004,S2B_MSIL1C_20220512T124319_N0510_R009_T25MBM_20240619T112653.SAFE,2022-05-12,B03,valid_pixel_count,9900,79.7725,S17C24_MANIFEST_0012_A,true,true,true,false,false
S17C24_SBAND_0181,S17C6_CANARY_REC_00004,S2B_MSIL1C_20220512T124319_N0510_R009_T25MBM_20240619T112653.SAFE,2022-05-12,B04,mean,2426.5998,79.7725,S17C24_MANIFEST_0012_A,true,true,true,false,false
S17C24_SBAND_0182,S17C6_CANARY_REC_00004,S2B_MSIL1C_20220512T124319_N0510_R009_T25MBM_20240619T112653.SAFE,2022-05-12,B04,min,217.0000,79.7725,S17C24_MANIFEST_0012_A,true,true,true,false,false
S17C24_SBAND_0183,S17C6_CANARY_REC_00004,S2B_MSIL1C_20220512T124319_N0510_R009_T25MBM_20240619T112653.SAFE,2022-05-12,B04,max,11776.0000,79.7725,S17C24_MANIFEST_0012_A,true,true,true,false,false
S17C24_SBAND_0184,S17C6_CANARY_REC_00004,S2B_MSIL1C_20220512T124319_N0510_R009_T25MBM_20240619T112653.SAFE,2022-05-12,B04,valid_pixel_count,9900,79.7725,S17C24_MANIFEST_0012_A,true,true,true,false,false
S17C24_SBAND_0185,S17C6_CANARY_REC_00004,S2B_MSIL1C_20220512T124319_N0510_R009_T25MBM_20240619T112653.SAFE,2022-05-12,B08,mean,3043.1726,79.7725,S17C24_MANIFEST_0012_A,true,true,true,false,false
S17C24_SBAND_0186,S17C6_CANARY_REC_00004,S2B_MSIL1C_20220512T124319_N0510_R009_T25MBM_20240619T112653.SAFE,2022-05-12,B08,min,418.0000,79.7725,S17C24_MANIFEST_0012_A,true,true,true,false,false
S17C24_SBAND_0187,S17C6_CANARY_REC_00004,S2B_MSIL1C_20220512T124319_N0510_R009_T25MBM_20240619T112653.SAFE,2022-05-12,B08,max,11344.0000,79.7725,S17C24_MANIFEST_0012_A,true,true,true,false,false
S17C24_SBAND_0188,S17C6_CANARY_REC_00004,S2B_MSIL1C_20220512T124319_N0510_R009_T25MBM_20240619T112653.SAFE,2022-05-12,B08,valid_pixel_count,9900,79.7725,S17C24_MANIFEST_0012_A,true,true,true,false,false
S17C24_SBAND_0189,S17C6_CANARY_REC_00004,S2B_MSIL1C_20220512T124319_N0510_R009_T25MBM_20240619T112653.SAFE,2022-05-12,B11,mean,2649.6408,79.7725,S17C24_MANIFEST_0012_A,true,true,true,false,false
S17C24_SBAND_0190,S17C6_CANARY_REC_00004,S2B_MSIL1C_20220512T124319_N0510_R009_T25MBM_20240619T112653.SAFE,2022-05-12,B11,min,600.0000,79.7725,S17C24_MANIFEST_0012_A,true,true,true,false,false
S17C24_SBAND_0191,S17C6_CANARY_REC_00004,S2B_MSIL1C_20220512T124319_N0510_R009_T25MBM_20240619T112653.SAFE,2022-05-12,B11,max,8550.0000,79.7725,S17C24_MANIFEST_0012_A,true,true,true,false,false
S17C24_SBAND_0192,S17C6_CANARY_REC_00004,S2B_MSIL1C_20220512T124319_N0510_R009_T25MBM_20240619T112653.SAFE,2022-05-12,B11,valid_pixel_count,9900,79.7725,S17C24_MANIFEST_0012_A,true,true,true,false,false
S17C24_SBAND_0193,S17C6_CANARY_REC_00005,S2A_MSIL1C_20220427T124321_N0510_R009_T25MBM_20240604T235122.SAFE,2022-04-27,B03,mean,2506.0298,60.5460,S17C24_MANIFEST_0013_A,true,true,true,false,false
S17C24_SBAND_0194,S17C6_CANARY_REC_00005,S2A_MSIL1C_20220427T124321_N0510_R009_T25MBM_20240604T235122.SAFE,2022-04-27,B03,min,370.0000,60.5460,S17C24_MANIFEST_0013_A,true,true,true,false,false
S17C24_SBAND_0195,S17C6_CANARY_REC_00005,S2A_MSIL1C_20220427T124321_N0510_R009_T25MBM_20240604T235122.SAFE,2022-04-27,B03,max,8928.0000,60.5460,S17C24_MANIFEST_0013_A,true,true,true,false,false
S17C24_SBAND_0196,S17C6_CANARY_REC_00005,S2A_MSIL1C_20220427T124321_N0510_R009_T25MBM_20240604T235122.SAFE,2022-04-27,B03,valid_pixel_count,9900,60.5460,S17C24_MANIFEST_0013_A,true,true,true,false,false
S17C24_SBAND_0197,S17C6_CANARY_REC_00005,S2A_MSIL1C_20220427T124321_N0510_R009_T25MBM_20240604T235122.SAFE,2022-04-27,B04,mean,2369.4530,60.5460,S17C24_MANIFEST_0013_A,true,true,true,false,false
S17C24_SBAND_0198,S17C6_CANARY_REC_00005,S2A_MSIL1C_20220427T124321_N0510_R009_T25MBM_20240604T235122.SAFE,2022-04-27,B04,min,261.0000,60.5460,S17C24_MANIFEST_0013_A,true,true,true,false,false
S17C24_SBAND_0199,S17C6_CANARY_REC_00005,S2A_MSIL1C_20220427T124321_N0510_R009_T25MBM_20240604T235122.SAFE,2022-04-27,B04,max,8592.0000,60.5460,S17C24_MANIFEST_0013_A,true,true,true,false,false
S17C24_SBAND_0200,S17C6_CANARY_REC_00005,S2A_MSIL1C_20220427T124321_N0510_R009_T25MBM_20240604T235122.SAFE,2022-04-27,B04,valid_pixel_count,9900,60.5460,S17C24_MANIFEST_0013_A,true,true,true,false,false
S17C24_SBAND_0201,S17C6_CANARY_REC_00005,S2A_MSIL1C_20220427T124321_N0510_R009_T25MBM_20240604T235122.SAFE,2022-04-27,B08,mean,3944.2619,60.5460,S17C24_MANIFEST_0013_A,true,true,true,false,false
S17C24_SBAND_0202,S17C6_CANARY_REC_00005,S2A_MSIL1C_20220427T124321_N0510_R009_T25MBM_20240604T235122.SAFE,2022-04-27,B08,min,691.0000,60.5460,S17C24_MANIFEST_0013_A,true,true,true,false,false
S17C24_SBAND_0203,S17C6_CANARY_REC_00005,S2A_MSIL1C_20220427T124321_N0510_R009_T25MBM_20240604T235122.SAFE,2022-04-27,B08,max,8384.0000,60.5460,S17C24_MANIFEST_0013_A,true,true,true,false,false
S17C24_SBAND_0204,S17C6_CANARY_REC_00005,S2A_MSIL1C_20220427T124321_N0510_R009_T25MBM_20240604T235122.SAFE,2022-04-27,B08,valid_pixel_count,9900,60.5460,S17C24_MANIFEST_0013_A,true,true,true,false,false
S17C24_SBAND_0205,S17C6_CANARY_REC_00005,S2A_MSIL1C_20220427T124321_N0510_R009_T25MBM_20240604T235122.SAFE,2022-04-27,B11,mean,3131.9310,60.5460,S17C24_MANIFEST_0013_A,true,true,true,false,false
S17C24_SBAND_0206,S17C6_CANARY_REC_00005,S2A_MSIL1C_20220427T124321_N0510_R009_T25MBM_20240604T235122.SAFE,2022-04-27,B11,min,691.0000,60.5460,S17C24_MANIFEST_0013_A,true,true,true,false,false
S17C24_SBAND_0207,S17C6_CANARY_REC_00005,S2A_MSIL1C_20220427T124321_N0510_R009_T25MBM_20240604T235122.SAFE,2022-04-27,B11,max,6330.0000,60.5460,S17C24_MANIFEST_0013_A,true,true,true,false,false
S17C24_SBAND_0208,S17C6_CANARY_REC_00005,S2A_MSIL1C_20220427T124321_N0510_R009_T25MBM_20240604T235122.SAFE,2022-04-27,B11,valid_pixel_count,9900,60.5460,S17C24_MANIFEST_0013_A,true,true,true,false,false
S17C24_SBAND_0209,S17C6_CANARY_REC_00005,S2A_MSIL1C_20220507T124321_N0510_R009_T25MBM_20240616T215545.SAFE,2022-05-07,B03,mean,4335.9362,75.0099,S17C24_MANIFEST_0014_A,true,true,true,false,false
S17C24_SBAND_0210,S17C6_CANARY_REC_00005,S2A_MSIL1C_20220507T124321_N0510_R009_T25MBM_20240616T215545.SAFE,2022-05-07,B03,min,1332.0000,75.0099,S17C24_MANIFEST_0014_A,true,true,true,false,false
S17C24_SBAND_0211,S17C6_CANARY_REC_00005,S2A_MSIL1C_20220507T124321_N0510_R009_T25MBM_20240616T215545.SAFE,2022-05-07,B03,max,6464.0000,75.0099,S17C24_MANIFEST_0014_A,true,true,true,false,false
S17C24_SBAND_0212,S17C6_CANARY_REC_00005,S2A_MSIL1C_20220507T124321_N0510_R009_T25MBM_20240616T215545.SAFE,2022-05-07,B03,valid_pixel_count,9900,75.0099,S17C24_MANIFEST_0014_A,true,true,true,false,false
S17C24_SBAND_0213,S17C6_CANARY_REC_00005,S2A_MSIL1C_20220507T124321_N0510_R009_T25MBM_20240616T215545.SAFE,2022-05-07,B04,mean,4030.8152,75.0099,S17C24_MANIFEST_0014_A,true,true,true,false,false
S17C24_SBAND_0214,S17C6_CANARY_REC_00005,S2A_MSIL1C_20220507T124321_N0510_R009_T25MBM_20240616T215545.SAFE,2022-05-07,B04,min,1282.0000,75.0099,S17C24_MANIFEST_0014_A,true,true,true,false,false
S17C24_SBAND_0215,S17C6_CANARY_REC_00005,S2A_MSIL1C_20220507T124321_N0510_R009_T25MBM_20240616T215545.SAFE,2022-05-07,B04,max,6180.0000,75.0099,S17C24_MANIFEST_0014_A,true,true,true,false,false
S17C24_SBAND_0216,S17C6_CANARY_REC_00005,S2A_MSIL1C_20220507T124321_N0510_R009_T25MBM_20240616T215545.SAFE,2022-05-07,B04,valid_pixel_count,9900,75.0099,S17C24_MANIFEST_0014_A,true,true,true,false,false
S17C24_SBAND_0217,S17C6_CANARY_REC_00005,S2A_MSIL1C_20220507T124321_N0510_R009_T25MBM_20240616T215545.SAFE,2022-05-07,B08,mean,4802.6277,75.0099,S17C24_MANIFEST_0014_A,true,true,true,false,false
S17C24_SBAND_0218,S17C6_CANARY_REC_00005,S2A_MSIL1C_20220507T124321_N0510_R009_T25MBM_20240616T215545.SAFE,2022-05-07,B08,min,2542.0000,75.0099,S17C24_MANIFEST_0014_A,true,true,true,false,false
S17C24_SBAND_0219,S17C6_CANARY_REC_00005,S2A_MSIL1C_20220507T124321_N0510_R009_T25MBM_20240616T215545.SAFE,2022-05-07,B08,max,6500.0000,75.0099,S17C24_MANIFEST_0014_A,true,true,true,false,false
S17C24_SBAND_0220,S17C6_CANARY_REC_00005,S2A_MSIL1C_20220507T124321_N0510_R009_T25MBM_20240616T215545.SAFE,2022-05-07,B08,valid_pixel_count,9900,75.0099,S17C24_MANIFEST_0014_A,true,true,true,false,false
S17C24_SBAND_0221,S17C6_CANARY_REC_00005,S2A_MSIL1C_20220507T124321_N0510_R009_T25MBM_20240616T215545.SAFE,2022-05-07,B11,mean,3675.0449,75.0099,S17C24_MANIFEST_0014_A,true,true,true,false,false
S17C24_SBAND_0222,S17C6_CANARY_REC_00005,S2A_MSIL1C_20220507T124321_N0510_R009_T25MBM_20240616T215545.SAFE,2022-05-07,B11,min,2181.0000,75.0099,S17C24_MANIFEST_0014_A,true,true,true,false,false
S17C24_SBAND_0223,S17C6_CANARY_REC_00005,S2A_MSIL1C_20220507T124321_N0510_R009_T25MBM_20240616T215545.SAFE,2022-05-07,B11,max,4798.0000,75.0099,S17C24_MANIFEST_0014_A,true,true,true,false,false
S17C24_SBAND_0224,S17C6_CANARY_REC_00005,S2A_MSIL1C_20220507T124321_N0510_R009_T25MBM_20240616T215545.SAFE,2022-05-07,B11,valid_pixel_count,9900,75.0099,S17C24_MANIFEST_0014_A,true,true,true,false,false
S17C24_SBAND_0225,S17C6_CANARY_REC_00005,S2B_MSIL1C_20220512T124319_N0510_R009_T25MBM_20240619T112653.SAFE,2022-05-12,B03,mean,4076.0228,79.7725,S17C24_MANIFEST_0015_A,true,true,true,false,false
S17C24_SBAND_0226,S17C6_CANARY_REC_00005,S2B_MSIL1C_20220512T124319_N0510_R009_T25MBM_20240619T112653.SAFE,2022-05-12,B03,min,314.0000,79.7725,S17C24_MANIFEST_0015_A,true,true,true,false,false
S17C24_SBAND_0227,S17C6_CANARY_REC_00005,S2B_MSIL1C_20220512T124319_N0510_R009_T25MBM_20240619T112653.SAFE,2022-05-12,B03,max,11808.0000,79.7725,S17C24_MANIFEST_0015_A,true,true,true,false,false
S17C24_SBAND_0228,S17C6_CANARY_REC_00005,S2B_MSIL1C_20220512T124319_N0510_R009_T25MBM_20240619T112653.SAFE,2022-05-12,B03,valid_pixel_count,9900,79.7725,S17C24_MANIFEST_0015_A,true,true,true,false,false
S17C24_SBAND_0229,S17C6_CANARY_REC_00005,S2B_MSIL1C_20220512T124319_N0510_R009_T25MBM_20240619T112653.SAFE,2022-05-12,B04,mean,3943.3803,79.7725,S17C24_MANIFEST_0015_A,true,true,true,false,false
S17C24_SBAND_0230,S17C6_CANARY_REC_00005,S2B_MSIL1C_20220512T124319_N0510_R009_T25MBM_20240619T112653.SAFE,2022-05-12,B04,min,206.0000,79.7725,S17C24_MANIFEST_0015_A,true,true,true,false,false
S17C24_SBAND_0231,S17C6_CANARY_REC_00005,S2B_MSIL1C_20220512T124319_N0510_R009_T25MBM_20240619T112653.SAFE,2022-05-12,B04,max,11512.0000,79.7725,S17C24_MANIFEST_0015_A,true,true,true,false,false
S17C24_SBAND_0232,S17C6_CANARY_REC_00005,S2B_MSIL1C_20220512T124319_N0510_R009_T25MBM_20240619T112653.SAFE,2022-05-12,B04,valid_pixel_count,9900,79.7725,S17C24_MANIFEST_0015_A,true,true,true,false,false
S17C24_SBAND_0233,S17C6_CANARY_REC_00005,S2B_MSIL1C_20220512T124319_N0510_R009_T25MBM_20240619T112653.SAFE,2022-05-12,B08,mean,4427.0092,79.7725,S17C24_MANIFEST_0015_A,true,true,true,false,false
S17C24_SBAND_0234,S17C6_CANARY_REC_00005,S2B_MSIL1C_20220512T124319_N0510_R009_T25MBM_20240619T112653.SAFE,2022-05-12,B08,min,695.0000,79.7725,S17C24_MANIFEST_0015_A,true,true,true,false,false
S17C24_SBAND_0235,S17C6_CANARY_REC_00005,S2B_MSIL1C_20220512T124319_N0510_R009_T25MBM_20240619T112653.SAFE,2022-05-12,B08,max,11032.0000,79.7725,S17C24_MANIFEST_0015_A,true,true,true,false,false
S17C24_SBAND_0236,S17C6_CANARY_REC_00005,S2B_MSIL1C_20220512T124319_N0510_R009_T25MBM_20240619T112653.SAFE,2022-05-12,B08,valid_pixel_count,9900,79.7725,S17C24_MANIFEST_0015_A,true,true,true,false,false
S17C24_SBAND_0237,S17C6_CANARY_REC_00005,S2B_MSIL1C_20220512T124319_N0510_R009_T25MBM_20240619T112653.SAFE,2022-05-12,B11,mean,3665.4326,79.7725,S17C24_MANIFEST_0015_A,true,true,true,false,false
S17C24_SBAND_0238,S17C6_CANARY_REC_00005,S2B_MSIL1C_20220512T124319_N0510_R009_T25MBM_20240619T112653.SAFE,2022-05-12,B11,min,603.0000,79.7725,S17C24_MANIFEST_0015_A,true,true,true,false,false
S17C24_SBAND_0239,S17C6_CANARY_REC_00005,S2B_MSIL1C_20220512T124319_N0510_R009_T25MBM_20240619T112653.SAFE,2022-05-12,B11,max,7993.0000,79.7725,S17C24_MANIFEST_0015_A,true,true,true,false,false
S17C24_SBAND_0240,S17C6_CANARY_REC_00005,S2B_MSIL1C_20220512T124319_N0510_R009_T25MBM_20240619T112653.SAFE,2022-05-12,B11,valid_pixel_count,9900,79.7725,S17C24_MANIFEST_0015_A,true,true,true,false,false
