materialized_feature_id,candidate_patch_id,scene_or_item_id,feature_name,feature_value,feature_unit,source_artifact_manifest_id,source_role,feature_value_real,usable_for_science_now,usable_for_training,ground_truth,eligible_for_score_v7,blocking_reason_for_score_v7,review_only
S17C20_FEAT_0001,S17C6_CANARY_REC_00001,S2A_MSIL1C_20220427T124321_N0510_R009_T25MBM_20240604T235122.SAFE,B03_mean,8711.7923,reflectance_dn,S17C20_MANIFEST_0001_A,materialization_fallback,true,false,false,false,false,"feature sensorial fallback review-only; exige QA de patch candidato, artefato de evento e politica antes de qualquer score",true
S17C20_FEAT_0002,S17C6_CANARY_REC_00001,S2A_MSIL1C_20220427T124321_N0510_R009_T25MBM_20240604T235122.SAFE,B04_mean,8289.8744,reflectance_dn,S17C20_MANIFEST_0001_A,materialization_fallback,true,false,false,false,false,"feature sensorial fallback review-only; exige QA de patch candidato, artefato de evento e politica antes de qualquer score",true
S17C20_FEAT_0003,S17C6_CANARY_REC_00001,S2A_MSIL1C_20220427T124321_N0510_R009_T25MBM_20240604T235122.SAFE,B08_mean,8100.6465,reflectance_dn,S17C20_MANIFEST_0001_A,materialization_fallback,true,false,false,false,false,"feature sensorial fallback review-only; exige QA de patch candidato, artefato de evento e politica antes de qualquer score",true
S17C20_FEAT_0004,S17C6_CANARY_REC_00001,S2A_MSIL1C_20220427T124321_N0510_R009_T25MBM_20240604T235122.SAFE,B11_mean,4715.6627,reflectance_dn,S17C20_MANIFEST_0001_A,materialization_fallback,true,false,false,false,false,"feature sensorial fallback review-only; exige QA de patch candidato, artefato de evento e politica antes de qualquer score",true
S17C20_FEAT_0005,S17C6_CANARY_REC_00001,S2A_MSIL1C_20220427T124321_N0510_R009_T25MBM_20240604T235122.SAFE,NDVI_mean,0.001421,ratio,S17C20_MANIFEST_0001_A,materialization_fallback,true,false,false,false,false,"feature sensorial fallback review-only; exige QA de patch candidato, artefato de evento e politica antes de qualquer score",true
S17C20_FEAT_0006,S17C6_CANARY_REC_00001,S2A_MSIL1C_20220427T124321_N0510_R009_T25MBM_20240604T235122.SAFE,NDWI_mean,0.025447,ratio,S17C20_MANIFEST_0001_A,materialization_fallback,true,false,false,false,false,"feature sensorial fallback review-only; exige QA de patch candidato, artefato de evento e politica antes de qualquer score",true
S17C20_FEAT_0007,S17C6_CANARY_REC_00001,S2A_MSIL1C_20220427T124321_N0510_R009_T25MBM_20240604T235122.SAFE,MNDWI_mean,0.272481,ratio,S17C20_MANIFEST_0001_A,materialization_fallback,true,false,false,false,false,"feature sensorial fallback review-only; exige QA de patch candidato, artefato de evento e politica antes de qualquer score",true
S17C20_FEAT_0008,S17C6_CANARY_REC_00001,S2A_MSIL1C_20220427T124321_N0510_R009_T25MBM_20240604T235122.SAFE,NDBI_mean,-0.250239,ratio,S17C20_MANIFEST_0001_A,materialization_fallback,true,false,false,false,false,"feature sensorial fallback review-only; exige QA de patch candidato, artefato de evento e politica antes de qualquer score",true
S17C20_FEAT_0009,S17C6_CANARY_REC_00002,S2A_MSIL1C_20220427T124321_N0510_R009_T25MBM_20240604T235122.SAFE,B03_mean,9271.3730,reflectance_dn,S17C20_MANIFEST_0002_A,materialization_fallback,true,false,false,false,false,"feature sensorial fallback review-only; exige QA de patch candidato, artefato de evento e politica antes de qualquer score",true
S17C20_FEAT_0010,S17C6_CANARY_REC_00002,S2A_MSIL1C_20220427T124321_N0510_R009_T25MBM_20240604T235122.SAFE,B04_mean,8917.5982,reflectance_dn,S17C20_MANIFEST_0002_A,materialization_fallback,true,false,false,false,false,"feature sensorial fallback review-only; exige QA de patch candidato, artefato de evento e politica antes de qualquer score",true
S17C20_FEAT_0011,S17C6_CANARY_REC_00002,S2A_MSIL1C_20220427T124321_N0510_R009_T25MBM_20240604T235122.SAFE,B08_mean,8562.6289,reflectance_dn,S17C20_MANIFEST_0002_A,materialization_fallback,true,false,false,false,false,"feature sensorial fallback review-only; exige QA de patch candidato, artefato de evento e politica antes de qualquer score",true
S17C20_FEAT_0012,S17C6_CANARY_REC_00002,S2A_MSIL1C_20220427T124321_N0510_R009_T25MBM_20240604T235122.SAFE,B11_mean,5202.0936,reflectance_dn,S17C20_MANIFEST_0002_A,materialization_fallback,true,false,false,false,false,"feature sensorial fallback review-only; exige QA de patch candidato, artefato de evento e politica antes de qualquer score",true
S17C20_FEAT_0013,S17C6_CANARY_REC_00002,S2A_MSIL1C_20220427T124321_N0510_R009_T25MBM_20240604T235122.SAFE,NDVI_mean,-0.013726,ratio,S17C20_MANIFEST_0002_A,materialization_fallback,true,false,false,false,false,"feature sensorial fallback review-only; exige QA de patch candidato, artefato de evento e politica antes de qualquer score",true
S17C20_FEAT_0014,S17C6_CANARY_REC_00002,S2A_MSIL1C_20220427T124321_N0510_R009_T25MBM_20240604T235122.SAFE,NDWI_mean,0.032069,ratio,S17C20_MANIFEST_0002_A,materialization_fallback,true,false,false,false,false,"feature sensorial fallback review-only; exige QA de patch candidato, artefato de evento e politica antes de qualquer score",true
S17C20_FEAT_0015,S17C6_CANARY_REC_00002,S2A_MSIL1C_20220427T124321_N0510_R009_T25MBM_20240604T235122.SAFE,MNDWI_mean,0.260032,ratio,S17C20_MANIFEST_0002_A,materialization_fallback,true,false,false,false,false,"feature sensorial fallback review-only; exige QA de patch candidato, artefato de evento e politica antes de qualquer score",true
S17C20_FEAT_0016,S17C6_CANARY_REC_00002,S2A_MSIL1C_20220427T124321_N0510_R009_T25MBM_20240604T235122.SAFE,NDBI_mean,-0.230879,ratio,S17C20_MANIFEST_0002_A,materialization_fallback,true,false,false,false,false,"feature sensorial fallback review-only; exige QA de patch candidato, artefato de evento e politica antes de qualquer score",true
S17C20_FEAT_0017,S17C6_CANARY_REC_00003,S2A_MSIL1C_20220427T124321_N0510_R009_T25MBM_20240604T235122.SAFE,B03_mean,2560.6969,reflectance_dn,S17C20_MANIFEST_0003_A,materialization_fallback,true,false,false,false,false,"feature sensorial fallback review-only; exige QA de patch candidato, artefato de evento e politica antes de qualquer score",true
S17C20_FEAT_0018,S17C6_CANARY_REC_00003,S2A_MSIL1C_20220427T124321_N0510_R009_T25MBM_20240604T235122.SAFE,B04_mean,2433.4144,reflectance_dn,S17C20_MANIFEST_0003_A,materialization_fallback,true,false,false,false,false,"feature sensorial fallback review-only; exige QA de patch candidato, artefato de evento e politica antes de qualquer score",true
S17C20_FEAT_0019,S17C6_CANARY_REC_00003,S2A_MSIL1C_20220427T124321_N0510_R009_T25MBM_20240604T235122.SAFE,B08_mean,3473.4278,reflectance_dn,S17C20_MANIFEST_0003_A,materialization_fallback,true,false,false,false,false,"feature sensorial fallback review-only; exige QA de patch candidato, artefato de evento e politica antes de qualquer score",true
S17C20_FEAT_0020,S17C6_CANARY_REC_00003,S2A_MSIL1C_20220427T124321_N0510_R009_T25MBM_20240604T235122.SAFE,B11_mean,2961.0876,reflectance_dn,S17C20_MANIFEST_0003_A,materialization_fallback,true,false,false,false,false,"feature sensorial fallback review-only; exige QA de patch candidato, artefato de evento e politica antes de qualquer score",true
S17C20_FEAT_0021,S17C6_CANARY_REC_00003,S2A_MSIL1C_20220427T124321_N0510_R009_T25MBM_20240604T235122.SAFE,NDVI_mean,0.253900,ratio,S17C20_MANIFEST_0003_A,materialization_fallback,true,false,false,false,false,"feature sensorial fallback review-only; exige QA de patch candidato, artefato de evento e politica antes de qualquer score",true
S17C20_FEAT_0022,S17C6_CANARY_REC_00003,S2A_MSIL1C_20220427T124321_N0510_R009_T25MBM_20240604T235122.SAFE,NDWI_mean,-0.220956,ratio,S17C20_MANIFEST_0003_A,materialization_fallback,true,false,false,false,false,"feature sensorial fallback review-only; exige QA de patch candidato, artefato de evento e politica antes de qualquer score",true
S17C20_FEAT_0023,S17C6_CANARY_REC_00003,S2A_MSIL1C_20220427T124321_N0510_R009_T25MBM_20240604T235122.SAFE,MNDWI_mean,-0.152673,ratio,S17C20_MANIFEST_0003_A,materialization_fallback,true,false,false,false,false,"feature sensorial fallback review-only; exige QA de patch candidato, artefato de evento e politica antes de qualquer score",true
S17C20_FEAT_0024,S17C6_CANARY_REC_00003,S2A_MSIL1C_20220427T124321_N0510_R009_T25MBM_20240604T235122.SAFE,NDBI_mean,-0.077395,ratio,S17C20_MANIFEST_0003_A,materialization_fallback,true,false,false,false,false,"feature sensorial fallback review-only; exige QA de patch candidato, artefato de evento e politica antes de qualquer score",true
S17C20_FEAT_0025,S17C6_CANARY_REC_00004,S2A_MSIL1C_20220427T124321_N0510_R009_T25MBM_20240604T235122.SAFE,B03_mean,4347.2613,reflectance_dn,S17C20_MANIFEST_0004_A,materialization_fallback,true,false,false,false,false,"feature sensorial fallback review-only; exige QA de patch candidato, artefato de evento e politica antes de qualquer score",true
S17C20_FEAT_0026,S17C6_CANARY_REC_00004,S2A_MSIL1C_20220427T124321_N0510_R009_T25MBM_20240604T235122.SAFE,B04_mean,4155.1559,reflectance_dn,S17C20_MANIFEST_0004_A,materialization_fallback,true,false,false,false,false,"feature sensorial fallback review-only; exige QA de patch candidato, artefato de evento e politica antes de qualquer score",true
S17C20_FEAT_0027,S17C6_CANARY_REC_00004,S2A_MSIL1C_20220427T124321_N0510_R009_T25MBM_20240604T235122.SAFE,B08_mean,4536.0877,reflectance_dn,S17C20_MANIFEST_0004_A,materialization_fallback,true,false,false,false,false,"feature sensorial fallback review-only; exige QA de patch candidato, artefato de evento e politica antes de qualquer score",true
S17C20_FEAT_0028,S17C6_CANARY_REC_00004,S2A_MSIL1C_20220427T124321_N0510_R009_T25MBM_20240604T235122.SAFE,B11_mean,3234.8384,reflectance_dn,S17C20_MANIFEST_0004_A,materialization_fallback,true,false,false,false,false,"feature sensorial fallback review-only; exige QA de patch candidato, artefato de evento e politica antes de qualquer score",true
S17C20_FEAT_0029,S17C6_CANARY_REC_00004,S2A_MSIL1C_20220427T124321_N0510_R009_T25MBM_20240604T235122.SAFE,NDVI_mean,0.108950,ratio,S17C20_MANIFEST_0004_A,materialization_fallback,true,false,false,false,false,"feature sensorial fallback review-only; exige QA de patch candidato, artefato de evento e politica antes de qualquer score",true
S17C20_FEAT_0030,S17C6_CANARY_REC_00004,S2A_MSIL1C_20220427T124321_N0510_R009_T25MBM_20240604T235122.SAFE,NDWI_mean,-0.080286,ratio,S17C20_MANIFEST_0004_A,materialization_fallback,true,false,false,false,false,"feature sensorial fallback review-only; exige QA de patch candidato, artefato de evento e politica antes de qualquer score",true
S17C20_FEAT_0031,S17C6_CANARY_REC_00004,S2A_MSIL1C_20220427T124321_N0510_R009_T25MBM_20240604T235122.SAFE,MNDWI_mean,0.086020,ratio,S17C20_MANIFEST_0004_A,materialization_fallback,true,false,false,false,false,"feature sensorial fallback review-only; exige QA de patch candidato, artefato de evento e politica antes de qualquer score",true
S17C20_FEAT_0032,S17C6_CANARY_REC_00004,S2A_MSIL1C_20220427T124321_N0510_R009_T25MBM_20240604T235122.SAFE,NDBI_mean,-0.166543,ratio,S17C20_MANIFEST_0004_A,materialization_fallback,true,false,false,false,false,"feature sensorial fallback review-only; exige QA de patch candidato, artefato de evento e politica antes de qualquer score",true
S17C20_FEAT_0033,S17C6_CANARY_REC_00005,S2A_MSIL1C_20220427T124321_N0510_R009_T25MBM_20240604T235122.SAFE,B03_mean,2506.0298,reflectance_dn,S17C20_MANIFEST_0005_A,materialization_fallback,true,false,false,false,false,"feature sensorial fallback review-only; exige QA de patch candidato, artefato de evento e politica antes de qualquer score",true
S17C20_FEAT_0034,S17C6_CANARY_REC_00005,S2A_MSIL1C_20220427T124321_N0510_R009_T25MBM_20240604T235122.SAFE,B04_mean,2369.4530,reflectance_dn,S17C20_MANIFEST_0005_A,materialization_fallback,true,false,false,false,false,"feature sensorial fallback review-only; exige QA de patch candidato, artefato de evento e politica antes de qualquer score",true
S17C20_FEAT_0035,S17C6_CANARY_REC_00005,S2A_MSIL1C_20220427T124321_N0510_R009_T25MBM_20240604T235122.SAFE,B08_mean,3944.2619,reflectance_dn,S17C20_MANIFEST_0005_A,materialization_fallback,true,false,false,false,false,"feature sensorial fallback review-only; exige QA de patch candidato, artefato de evento e politica antes de qualquer score",true
S17C20_FEAT_0036,S17C6_CANARY_REC_00005,S2A_MSIL1C_20220427T124321_N0510_R009_T25MBM_20240604T235122.SAFE,B11_mean,3131.9310,reflectance_dn,S17C20_MANIFEST_0005_A,materialization_fallback,true,false,false,false,false,"feature sensorial fallback review-only; exige QA de patch candidato, artefato de evento e politica antes de qualquer score",true
S17C20_FEAT_0037,S17C6_CANARY_REC_00005,S2A_MSIL1C_20220427T124321_N0510_R009_T25MBM_20240604T235122.SAFE,NDVI_mean,0.313360,ratio,S17C20_MANIFEST_0005_A,materialization_fallback,true,false,false,false,false,"feature sensorial fallback review-only; exige QA de patch candidato, artefato de evento e politica antes de qualquer score",true
S17C20_FEAT_0038,S17C6_CANARY_REC_00005,S2A_MSIL1C_20220427T124321_N0510_R009_T25MBM_20240604T235122.SAFE,NDWI_mean,-0.282269,ratio,S17C20_MANIFEST_0005_A,materialization_fallback,true,false,false,false,false,"feature sensorial fallback review-only; exige QA de patch candidato, artefato de evento e politica antes de qualquer score",true
S17C20_FEAT_0039,S17C6_CANARY_REC_00005,S2A_MSIL1C_20220427T124321_N0510_R009_T25MBM_20240604T235122.SAFE,MNDWI_mean,-0.192382,ratio,S17C20_MANIFEST_0005_A,materialization_fallback,true,false,false,false,false,"feature sensorial fallback review-only; exige QA de patch candidato, artefato de evento e politica antes de qualquer score",true
S17C20_FEAT_0040,S17C6_CANARY_REC_00005,S2A_MSIL1C_20220427T124321_N0510_R009_T25MBM_20240604T235122.SAFE,NDBI_mean,-0.102885,ratio,S17C20_MANIFEST_0005_A,materialization_fallback,true,false,false,false,false,"feature sensorial fallback review-only; exige QA de patch candidato, artefato de evento e politica antes de qualquer score",true
