status_snapshot_id,formal_request_id,provider_name,previous_status_17c12,new_status_17c13,prepared,channel_open_instruction_created,ready_for_manual_submission,needs_manual_channel_verification,blocked_no_channel,submitted_manually,protocol_opened,response_received,review_only,trainable,ground_truth
S17C13_STATUS_0001,P0_COMPDEC_RECIFE_PKG_FR_REC_002,COMPDEC/Defesa Civil PE,not_prepared,ready_for_manual_submission_after_review,true,true,true,false,false,false,false,false,true,false,false
S17C13_STATUS_0002,P0_DRM_RJ_PKG_FR_PET_001,DRM-RJ/NADE,not_prepared,ready_for_manual_submission_after_review,true,true,true,false,false,false,false,false,true,false,false
S17C13_STATUS_0003,P1_CHIRPS_PRE_EVENT_WINDOW_REC_2022_05_24_30,CHIRPS/GEE - fonte a confirmar,not_prepared,ready_for_manual_submission_after_review,true,true,true,false,false,false,false,false,true,false,false
S17C13_STATUS_0004,P1_DEM_HAND_DRAINAGE_COVERAGE_CANDIDATE_GRID,GEE/DEM/HAND/drenagem - fonte a confirmar,blocked,needs_manual_channel_verification,false,true,false,true,false,false,false,false,true,false,false
S17C13_STATUS_0005,P1_PET_2024_VALPARAISO_FLORESTA_GEOMETRY,Defesa Civil Petropolis / DRM-RJ (a confirmar),blocked,needs_manual_channel_verification,false,true,false,true,false,false,false,false,true,false,false
S17C13_STATUS_0006,P1_SENTINEL2_TILE_CANDIDATE_GRID,STAC/CDSE/GEE - fonte a confirmar,not_prepared,ready_for_manual_submission_after_review,true,true,true,false,false,false,false,false,true,false,false
S17C13_STATUS_0007,P1_SGB_CPRM_VECTOR_OR_COORDINATES,SGB/CPRM,not_prepared,ready_for_manual_submission_after_review,true,true,true,false,false,false,false,false,true,false,false
S17C13_STATUS_0008,P2_DINO_SATMAE_INPUT_TILE,Pipeline interno DINO/SatMAE - sem execucao nesta sprint,blocked,blocked_no_official_channel,false,false,false,false,true,false,false,false,true,false,false
S17C13_STATUS_0009,P2_SAR_RUNTIME_OR_EXPORT_PATH,Runtime tecnico SAR - fonte a confirmar,blocked,blocked_no_official_channel,false,false,false,false,true,false,false,false,true,false,false
