geometry_diagnostic_id,geometry_target_id,target_id,has_geometry_id,has_footprint_id,has_patch_id,has_geometry_type,has_strong_geometry_type,has_patch_link_quality,has_uncertainty_m,has_qa_status,geometry_is_contextual_only,geometry_is_official_candidate,geometry_is_technical_candidate,geometry_rejection_reason,next_required_geometry_action_pt,prevents_positive_strong,prevents_evaluation,prevents_calibration,prevents_benchmark
GDG_0001,GEO_0001,TGT_0001,true,true,false,false,false,false,false,false,false,false,false,none,buscar confirmacao de geometria oficial e estimar incerteza,true,true,true,true
GDG_0002,GEO_0002,TGT_0002,true,true,false,false,false,false,false,false,false,false,false,none,buscar confirmacao de geometria oficial e estimar incerteza,true,true,true,true
GDG_0003,GEO_0003,TGT_0003,true,true,false,false,false,false,false,false,false,false,false,none,buscar confirmacao de geometria oficial e estimar incerteza,true,true,true,true
GDG_0004,GEO_0004,TGT_0004,true,true,false,false,false,false,false,false,false,false,false,none,buscar confirmacao de geometria oficial e estimar incerteza,true,true,true,true
GDG_0005,GEO_0005,TGT_0005,true,true,false,false,false,false,false,false,false,false,false,none,buscar confirmacao de geometria oficial e estimar incerteza,true,true,true,true
GDG_0006,GEO_0006,TGT_0006,true,true,false,false,false,false,false,false,false,false,false,none,buscar confirmacao de geometria oficial e estimar incerteza,true,true,true,true
GDG_0007,GEO_0007,TGT_0007,true,true,false,true,false,false,false,false,false,true,false,none,buscar confirmacao de geometria oficial e estimar incerteza,true,true,true,true
GDG_0008,GEO_0008,TGT_0008,true,true,false,true,false,false,false,false,false,true,false,none,buscar confirmacao de geometria oficial e estimar incerteza,true,true,true,true
GDG_0009,GEO_0009,TGT_0009,true,true,false,true,false,false,false,false,false,true,false,none,buscar confirmacao de geometria oficial e estimar incerteza,true,true,true,true
GDG_0010,GEO_0010,TGT_0010,true,true,false,true,false,false,false,false,false,true,false,none,buscar confirmacao de geometria oficial e estimar incerteza,true,true,true,true
GDG_0011,GEO_0011,TGT_0011,true,true,true,true,false,true,false,false,false,true,false,none,buscar confirmacao de geometria oficial e estimar incerteza,true,true,true,true
GDG_0012,GEO_0012,TGT_0012,true,true,true,true,false,true,false,false,false,true,false,none,buscar confirmacao de geometria oficial e estimar incerteza,true,true,true,true
GDG_0013,GEO_0013,TGT_0013,true,true,true,true,false,true,false,false,false,true,false,none,buscar confirmacao de geometria oficial e estimar incerteza,true,true,true,true
GDG_0014,GEO_0014,TGT_0014,true,true,true,true,false,true,false,false,false,true,false,none,buscar confirmacao de geometria oficial e estimar incerteza,true,true,true,true
GDG_0015,GEO_0015,TGT_0015,true,true,true,true,false,true,false,false,false,true,false,none,buscar confirmacao de geometria oficial e estimar incerteza,true,true,true,true
GDG_0016,GEO_0016,TGT_0016,true,true,true,true,false,true,false,false,false,true,false,none,buscar confirmacao de geometria oficial e estimar incerteza,true,true,true,true
GDG_0017,GEO_0017,TGT_0017,true,true,true,true,false,true,false,false,false,true,false,none,buscar confirmacao de geometria oficial e estimar incerteza,true,true,true,true
GDG_0018,GEO_0018,TGT_0018,true,true,true,true,false,true,false,false,false,true,false,none,buscar confirmacao de geometria oficial e estimar incerteza,true,true,true,true
GDG_0019,GEO_0019,TGT_0019,true,true,true,true,false,true,false,false,false,true,false,none,buscar confirmacao de geometria oficial e estimar incerteza,true,true,true,true
GDG_0020,GEO_0020,TGT_0020,true,true,true,true,false,true,false,false,false,true,false,none,buscar confirmacao de geometria oficial e estimar incerteza,true,true,true,true
GDG_0021,GEO_0021,TGT_0021,true,true,true,true,false,true,false,false,false,true,false,none,buscar confirmacao de geometria oficial e estimar incerteza,true,true,true,true
GDG_0022,GEO_0022,TGT_0022,true,true,true,true,false,true,false,false,false,true,false,none,buscar confirmacao de geometria oficial e estimar incerteza,true,true,true,true
GDG_0023,GEO_0023,TGT_0023,true,true,true,true,false,true,false,false,false,true,false,none,buscar confirmacao de geometria oficial e estimar incerteza,true,true,true,true
GDG_0024,GEO_0024,TGT_0024,true,true,true,true,false,true,false,false,false,true,false,none,buscar confirmacao de geometria oficial e estimar incerteza,true,true,true,true
GDG_0025,GEO_0025,TGT_0025,true,true,true,true,false,true,false,false,false,true,false,none,buscar confirmacao de geometria oficial e estimar incerteza,true,true,true,true
GDG_0026,GEO_0026,TGT_0026,true,true,true,true,false,true,false,false,false,true,false,none,buscar confirmacao de geometria oficial e estimar incerteza,true,true,true,true
GDG_0027,GEO_0027,TGT_0027,true,true,true,true,false,true,false,false,false,true,false,none,buscar confirmacao de geometria oficial e estimar incerteza,true,true,true,true
GDG_0028,GEO_0028,TGT_0028,true,true,true,true,false,true,false,false,false,true,false,none,buscar confirmacao de geometria oficial e estimar incerteza,true,true,true,true
GDG_0029,GEO_0029,TGT_0029,true,true,true,true,false,true,false,false,false,true,false,none,buscar confirmacao de geometria oficial e estimar incerteza,true,true,true,true
GDG_0030,GEO_0030,TGT_0030,true,true,true,true,false,true,false,false,false,true,false,none,buscar confirmacao de geometria oficial e estimar incerteza,true,true,true,true
GDG_0031,GEO_0031,TGT_0031,true,true,true,true,false,true,false,false,false,true,false,none,buscar confirmacao de geometria oficial e estimar incerteza,true,true,true,true
GDG_0032,GEO_0032,TGT_0032,true,true,true,true,false,true,false,false,false,true,false,none,buscar confirmacao de geometria oficial e estimar incerteza,true,true,true,true
GDG_0033,GEO_0033,TGT_0033,true,true,true,true,false,true,false,false,false,true,false,none,buscar confirmacao de geometria oficial e estimar incerteza,true,true,true,true
GDG_0034,GEO_0034,TGT_0034,true,true,true,true,false,true,false,false,false,true,false,none,buscar confirmacao de geometria oficial e estimar incerteza,true,true,true,true
GDG_0035,GEO_0035,TGT_0035,true,true,true,true,false,true,false,false,false,true,false,none,buscar confirmacao de geometria oficial e estimar incerteza,true,true,true,true
GDG_0036,GEO_0036,TGT_0036,true,true,true,true,false,true,false,false,false,true,false,none,buscar confirmacao de geometria oficial e estimar incerteza,true,true,true,true
GDG_0037,GEO_0037,TGT_0037,true,true,true,true,false,true,false,false,false,true,false,none,buscar confirmacao de geometria oficial e estimar incerteza,true,true,true,true
GDG_0038,GEO_0038,TGT_0038,true,true,true,true,false,true,false,false,false,true,false,none,buscar confirmacao de geometria oficial e estimar incerteza,true,true,true,true
GDG_0039,GEO_0039,TGT_0039,true,true,true,true,false,true,false,false,false,true,false,none,buscar confirmacao de geometria oficial e estimar incerteza,true,true,true,true
GDG_0040,GEO_0040,TGT_0040,true,true,true,true,false,true,false,false,false,true,false,none,buscar confirmacao de geometria oficial e estimar incerteza,true,true,true,true
GDG_0041,GEO_0041,TGT_0041,true,true,true,true,false,true,false,false,false,true,false,none,buscar confirmacao de geometria oficial e estimar incerteza,true,true,true,true
GDG_0042,GEO_0042,TGT_0042,true,true,true,true,false,true,false,false,false,true,false,none,buscar confirmacao de geometria oficial e estimar incerteza,true,true,true,true
GDG_0043,GEO_0043,TGT_0043,true,true,true,true,false,true,false,false,false,true,false,none,buscar confirmacao de geometria oficial e estimar incerteza,true,true,true,true
GDG_0044,GEO_0044,TGT_0044,true,true,true,true,false,true,false,false,false,true,false,none,buscar confirmacao de geometria oficial e estimar incerteza,true,true,true,true
GDG_0045,GEO_0045,TGT_0045,true,true,true,true,false,true,false,false,false,true,false,none,buscar confirmacao de geometria oficial e estimar incerteza,true,true,true,true
GDG_0046,GEO_0046,TGT_0046,true,true,true,true,false,true,false,false,false,true,false,none,buscar confirmacao de geometria oficial e estimar incerteza,true,true,true,true
GDG_0047,GEO_0047,TGT_0047,true,true,true,true,false,true,false,false,false,true,false,none,buscar confirmacao de geometria oficial e estimar incerteza,true,true,true,true
GDG_0048,GEO_0048,TGT_0048,true,true,true,true,false,true,false,false,false,true,false,none,buscar confirmacao de geometria oficial e estimar incerteza,true,true,true,true
GDG_0049,GEO_0049,TGT_0049,true,true,true,true,false,true,false,false,false,true,false,none,buscar confirmacao de geometria oficial e estimar incerteza,true,true,true,true
GDG_0050,GEO_0050,TGT_0050,true,true,true,true,false,true,false,false,false,true,false,none,buscar confirmacao de geometria oficial e estimar incerteza,true,true,true,true
GDG_0051,GEO_0051,TGT_0051,true,true,true,true,false,true,false,false,false,true,false,none,buscar confirmacao de geometria oficial e estimar incerteza,true,true,true,true
GDG_0052,GEO_0052,TGT_0052,true,true,true,true,false,true,false,false,false,true,false,none,buscar confirmacao de geometria oficial e estimar incerteza,true,true,true,true
GDG_0053,GEO_0053,TGT_0053,true,true,true,true,false,true,false,false,false,true,false,none,buscar confirmacao de geometria oficial e estimar incerteza,true,true,true,true
GDG_0054,GEO_0054,TGT_0054,true,true,true,true,false,true,false,false,false,true,false,none,buscar confirmacao de geometria oficial e estimar incerteza,true,true,true,true
GDG_0055,GEO_0055,TGT_0055,true,true,true,true,false,true,false,false,false,true,false,none,buscar confirmacao de geometria oficial e estimar incerteza,true,true,true,true
GDG_0056,GEO_0056,TGT_0056,true,true,true,true,false,true,false,false,false,true,false,none,buscar confirmacao de geometria oficial e estimar incerteza,true,true,true,true
GDG_0057,GEO_0057,TGT_0057,true,true,true,true,false,true,false,false,false,true,false,none,buscar confirmacao de geometria oficial e estimar incerteza,true,true,true,true
GDG_0058,GEO_0058,TGT_0058,true,true,true,true,false,true,false,false,false,true,false,none,buscar confirmacao de geometria oficial e estimar incerteza,true,true,true,true
GDG_0059,GEO_0059,TGT_0059,true,true,true,true,false,true,false,false,false,true,false,none,buscar confirmacao de geometria oficial e estimar incerteza,true,true,true,true
GDG_0060,GEO_0060,TGT_0060,true,true,true,true,false,true,false,false,false,true,false,none,buscar confirmacao de geometria oficial e estimar incerteza,true,true,true,true
GDG_0061,GEO_0061,TGT_0061,true,true,true,true,false,true,false,false,false,true,false,none,buscar confirmacao de geometria oficial e estimar incerteza,true,true,true,true
GDG_0062,GEO_0062,TGT_0062,true,true,true,true,false,true,false,false,false,true,false,none,buscar confirmacao de geometria oficial e estimar incerteza,true,true,true,true
GDG_0063,GEO_0063,TGT_0063,true,true,true,true,false,true,false,false,false,true,false,none,buscar confirmacao de geometria oficial e estimar incerteza,true,true,true,true
GDG_0064,GEO_0064,TGT_0064,true,true,true,true,false,true,false,false,false,true,false,none,buscar confirmacao de geometria oficial e estimar incerteza,true,true,true,true
GDG_0065,GEO_0065,TGT_0065,true,true,true,true,false,true,false,false,false,true,false,none,buscar confirmacao de geometria oficial e estimar incerteza,true,true,true,true
GDG_0066,GEO_0066,TGT_0066,true,true,true,true,false,true,false,false,false,true,false,none,buscar confirmacao de geometria oficial e estimar incerteza,true,true,true,true
GDG_0067,GEO_0067,TGT_0067,true,true,true,true,false,true,false,false,false,true,false,none,buscar confirmacao de geometria oficial e estimar incerteza,true,true,true,true
GDG_0068,GEO_0068,TGT_0068,true,true,true,true,false,true,false,false,false,true,false,none,buscar confirmacao de geometria oficial e estimar incerteza,true,true,true,true
GDG_0069,GEO_0069,TGT_0069,true,true,true,true,false,true,false,false,false,true,false,none,buscar confirmacao de geometria oficial e estimar incerteza,true,true,true,true
GDG_0070,GEO_0070,TGT_0070,true,true,true,true,false,true,false,false,false,true,false,none,buscar confirmacao de geometria oficial e estimar incerteza,true,true,true,true
GDG_0071,GEO_0071,TGT_0071,true,true,true,true,false,true,false,false,false,true,false,none,buscar confirmacao de geometria oficial e estimar incerteza,true,true,true,true
GDG_0072,GEO_0072,TGT_0072,true,true,true,true,false,true,false,false,false,true,false,none,buscar confirmacao de geometria oficial e estimar incerteza,true,true,true,true
GDG_0073,GEO_0073,TGT_0073,true,true,true,true,false,true,false,false,false,true,false,none,buscar confirmacao de geometria oficial e estimar incerteza,true,true,true,true
GDG_0074,GEO_0074,TGT_0074,true,true,true,true,false,true,false,false,false,true,false,none,buscar confirmacao de geometria oficial e estimar incerteza,true,true,true,true
GDG_0075,GEO_0075,TGT_0075,true,true,true,true,false,true,false,false,false,true,false,none,buscar confirmacao de geometria oficial e estimar incerteza,true,true,true,true
GDG_0076,GEO_0076,TGT_0076,false,false,false,false,false,false,false,false,false,false,true,none,preparar footprint tecnico SAR com a janela temporal,true,true,true,true
GDG_0077,GEO_0077,TGT_0077,false,false,false,false,false,false,false,false,false,false,true,none,preparar footprint tecnico SAR com a janela temporal,true,true,true,true
GDG_0078,GEO_0078,TGT_0078,false,false,false,false,false,false,false,false,false,false,true,none,preparar footprint tecnico SAR com a janela temporal,true,true,true,true
GDG_0079,GEO_0079,TGT_0079,false,false,false,false,false,false,false,false,false,false,true,none,preparar footprint tecnico SAR com a janela temporal,true,true,true,true
GDG_0080,GEO_0080,TGT_0080,false,false,false,false,false,false,false,false,false,false,true,none,preparar footprint tecnico SAR com a janela temporal,true,true,true,true
GDG_0081,GEO_0081,TGT_0081,false,false,false,false,false,false,false,false,false,false,true,none,preparar footprint tecnico SAR com a janela temporal,true,true,true,true
GDG_0082,GEO_0082,TGT_0082,false,false,false,false,false,false,false,false,false,false,true,none,preparar footprint tecnico SAR com a janela temporal,true,true,true,true
GDG_0083,GEO_0083,TGT_0083,false,false,false,false,false,false,false,false,false,false,true,none,preparar footprint tecnico SAR com a janela temporal,true,true,true,true
GDG_0084,GEO_0084,TGT_0084,false,false,false,false,false,false,false,false,false,false,true,none,preparar footprint tecnico SAR com a janela temporal,true,true,true,true
GDG_0085,GEO_0085,TGT_0085,false,false,false,false,false,false,false,false,false,false,true,none,preparar footprint tecnico SAR com a janela temporal,true,true,true,true
GDG_0086,GEO_0086,TGT_0086,false,false,false,false,false,false,false,false,false,false,true,none,preparar footprint tecnico SAR com a janela temporal,true,true,true,true
GDG_0087,GEO_0087,TGT_0087,false,false,false,false,false,false,false,false,false,false,true,none,preparar footprint tecnico SAR com a janela temporal,true,true,true,true
GDG_0088,GEO_0088,TGT_0088,false,false,false,false,false,false,false,false,false,false,true,none,preparar footprint tecnico SAR com a janela temporal,true,true,true,true
GDG_0089,GEO_0089,TGT_0089,false,false,false,false,false,false,false,false,false,false,true,none,preparar footprint tecnico SAR com a janela temporal,true,true,true,true
GDG_0090,GEO_0090,TGT_0090,false,false,false,false,false,false,false,false,false,false,true,none,preparar footprint tecnico SAR com a janela temporal,true,true,true,true
GDG_0091,GEO_0091,TGT_0091,false,false,false,false,false,false,false,false,false,false,true,none,preparar footprint tecnico SAR com a janela temporal,true,true,true,true
GDG_0092,GEO_0092,TGT_0092,false,false,false,false,false,false,false,false,false,false,true,none,preparar footprint tecnico SAR com a janela temporal,true,true,true,true
GDG_0093,GEO_0093,TGT_0093,false,true,false,true,false,false,false,false,false,true,false,none,buscar confirmacao de geometria oficial e estimar incerteza,true,true,true,true
GDG_0094,GEO_0094,TGT_0094,false,false,false,false,false,false,false,false,false,false,true,none,preparar footprint tecnico SAR com a janela temporal,true,true,true,true
GDG_0095,GEO_0095,TGT_0095,false,false,false,false,false,false,false,false,false,false,true,none,preparar footprint tecnico SAR com a janela temporal,true,true,true,true
GDG_0096,GEO_0096,TGT_0096,false,false,false,false,false,false,false,false,false,false,true,none,preparar footprint tecnico SAR com a janela temporal,true,true,true,true
GDG_0097,GEO_0097,TGT_0097,false,false,false,false,false,false,false,false,false,false,true,none,preparar footprint tecnico SAR com a janela temporal,true,true,true,true
GDG_0098,GEO_0098,TGT_0098,false,false,false,false,false,false,false,false,false,false,true,none,preparar footprint tecnico SAR com a janela temporal,true,true,true,true
GDG_0099,GEO_0099,TGT_0099,false,false,false,false,false,false,false,false,false,false,true,none,preparar footprint tecnico SAR com a janela temporal,true,true,true,true
GDG_0100,GEO_0100,TGT_0100,false,false,false,false,false,false,false,false,false,false,true,none,preparar footprint tecnico SAR com a janela temporal,true,true,true,true
GDG_0101,GEO_0101,TGT_0101,false,false,false,false,false,false,false,false,false,false,true,none,preparar footprint tecnico SAR com a janela temporal,true,true,true,true
GDG_0102,GEO_0102,TGT_0102,false,false,false,false,false,false,false,false,false,false,true,none,preparar footprint tecnico SAR com a janela temporal,true,true,true,true
GDG_0103,GEO_0103,TGT_0103,false,false,false,false,false,false,false,false,false,false,true,none,preparar footprint tecnico SAR com a janela temporal,true,true,true,true
GDG_0104,GEO_0104,TGT_0104,false,false,false,false,false,false,false,false,false,false,true,none,preparar footprint tecnico SAR com a janela temporal,true,true,true,true
GDG_0105,GEO_0105,TGT_0105,false,false,false,false,false,false,false,false,false,false,true,none,preparar footprint tecnico SAR com a janela temporal,true,true,true,true
GDG_0106,GEO_0106,TGT_0106,false,false,false,false,false,false,false,false,false,false,true,none,preparar footprint tecnico SAR com a janela temporal,true,true,true,true
GDG_0107,GEO_0107,TGT_0107,false,false,false,false,false,false,false,false,false,false,true,none,preparar footprint tecnico SAR com a janela temporal,true,true,true,true
GDG_0108,GEO_0108,TGT_0108,false,false,false,false,false,false,false,false,false,false,true,none,preparar footprint tecnico SAR com a janela temporal,true,true,true,true
GDG_0109,GEO_0109,TGT_0109,false,false,false,false,false,false,false,false,false,false,true,none,preparar footprint tecnico SAR com a janela temporal,true,true,true,true
GDG_0110,GEO_0110,TGT_0110,false,false,false,false,false,false,false,false,false,false,true,none,preparar footprint tecnico SAR com a janela temporal,true,true,true,true
GDG_0111,GEO_0111,TGT_0111,false,false,false,false,false,false,false,false,false,false,true,none,preparar footprint tecnico SAR com a janela temporal,true,true,true,true
GDG_0112,GEO_0112,TGT_0112,false,false,false,false,false,false,false,false,false,false,true,none,preparar footprint tecnico SAR com a janela temporal,true,true,true,true
GDG_0113,GEO_0113,TGT_0113,false,false,false,false,false,false,false,false,false,false,true,none,preparar footprint tecnico SAR com a janela temporal,true,true,true,true
GDG_0114,GEO_0114,TGT_0114,false,false,false,false,false,false,false,false,false,false,true,none,preparar footprint tecnico SAR com a janela temporal,true,true,true,true
GDG_0115,GEO_0115,TGT_0115,false,false,false,false,false,false,false,false,false,false,true,none,preparar footprint tecnico SAR com a janela temporal,true,true,true,true
GDG_0116,GEO_0116,TGT_0116,false,false,false,false,false,false,false,false,false,false,true,none,preparar footprint tecnico SAR com a janela temporal,true,true,true,true
GDG_0117,GEO_0117,TGT_0117,false,false,false,false,false,false,false,false,false,false,true,none,preparar footprint tecnico SAR com a janela temporal,true,true,true,true
GDG_0118,GEO_0118,TGT_0118,false,false,false,false,false,false,false,false,false,false,true,none,preparar footprint tecnico SAR com a janela temporal,true,true,true,true
GDG_0119,GEO_0119,TGT_0119,false,false,false,false,false,false,true,false,false,false,true,none,preparar footprint tecnico SAR com a janela temporal,true,true,true,true
GDG_0120,GEO_0120,TGT_0120,false,false,false,false,false,false,true,false,false,false,true,none,preparar footprint tecnico SAR com a janela temporal,true,true,true,true
GDG_0121,GEO_0121,TGT_0121,false,false,false,false,false,false,true,false,false,false,true,none,preparar footprint tecnico SAR com a janela temporal,true,true,true,true
GDG_0122,GEO_0122,TGT_0122,false,false,false,false,false,false,true,false,false,false,true,none,preparar footprint tecnico SAR com a janela temporal,true,true,true,true
GDG_0123,GEO_0123,TGT_0123,false,false,false,false,false,false,true,false,false,false,true,none,preparar footprint tecnico SAR com a janela temporal,true,true,true,true
GDG_0124,GEO_0124,TGT_0124,false,false,false,false,false,false,true,false,false,false,true,none,preparar footprint tecnico SAR com a janela temporal,true,true,true,true
GDG_0125,GEO_0125,TGT_0125,false,false,false,false,false,false,true,false,false,false,true,none,preparar footprint tecnico SAR com a janela temporal,true,true,true,true
GDG_0126,GEO_0126,TGT_0126,false,false,false,false,false,false,true,false,false,false,true,none,preparar footprint tecnico SAR com a janela temporal,true,true,true,true
GDG_0127,GEO_0127,TGT_0127,false,false,false,false,false,false,true,false,false,false,true,none,preparar footprint tecnico SAR com a janela temporal,true,true,true,true
GDG_0128,GEO_0128,TGT_0128,false,false,false,false,false,false,true,false,false,false,true,none,preparar footprint tecnico SAR com a janela temporal,true,true,true,true
GDG_0129,GEO_0129,TGT_0129,false,false,false,false,false,false,true,false,false,false,true,none,preparar footprint tecnico SAR com a janela temporal,true,true,true,true
GDG_0130,GEO_0130,TGT_0130,false,false,false,false,false,false,true,false,false,false,true,none,preparar footprint tecnico SAR com a janela temporal,true,true,true,true
GDG_0131,GEO_0131,TGT_0131,false,false,false,false,false,false,true,false,false,false,true,none,preparar footprint tecnico SAR com a janela temporal,true,true,true,true
GDG_0132,GEO_0132,TGT_0132,false,false,false,false,false,false,true,false,false,false,true,none,preparar footprint tecnico SAR com a janela temporal,true,true,true,true
GDG_0133,GEO_0133,TGT_0133,false,false,false,false,false,false,true,false,false,false,true,none,preparar footprint tecnico SAR com a janela temporal,true,true,true,true
GDG_0134,GEO_0134,TGT_0134,false,false,false,false,false,false,true,false,false,false,true,none,preparar footprint tecnico SAR com a janela temporal,true,true,true,true
GDG_0135,GEO_0135,TGT_0135,false,false,false,false,false,false,true,false,false,false,true,none,preparar footprint tecnico SAR com a janela temporal,true,true,true,true
GDG_0136,GEO_0136,TGT_0136,false,false,false,false,false,false,true,false,false,false,true,none,preparar footprint tecnico SAR com a janela temporal,true,true,true,true
GDG_0137,GEO_0137,TGT_0137,false,false,false,false,false,false,true,false,false,false,true,none,preparar footprint tecnico SAR com a janela temporal,true,true,true,true
GDG_0138,GEO_0138,TGT_0138,false,false,false,false,false,false,true,false,false,false,true,none,preparar footprint tecnico SAR com a janela temporal,true,true,true,true
GDG_0139,GEO_0139,TGT_0139,false,false,false,false,false,false,true,false,false,false,true,none,preparar footprint tecnico SAR com a janela temporal,true,true,true,true
GDG_0140,GEO_0140,TGT_0140,false,false,false,false,false,false,true,false,false,false,true,none,preparar footprint tecnico SAR com a janela temporal,true,true,true,true
GDG_0141,GEO_0141,TGT_0141,false,false,false,false,false,false,true,false,false,false,true,none,preparar footprint tecnico SAR com a janela temporal,true,true,true,true
GDG_0142,GEO_0142,TGT_0142,false,false,false,false,false,false,true,false,false,false,true,none,preparar footprint tecnico SAR com a janela temporal,true,true,true,true
GDG_0143,GEO_0143,TGT_0143,false,false,false,false,false,false,true,false,false,false,true,none,preparar footprint tecnico SAR com a janela temporal,true,true,true,true
GDG_0144,GEO_0144,TGT_0144,false,false,false,false,false,false,true,false,false,false,true,none,preparar footprint tecnico SAR com a janela temporal,true,true,true,true
GDG_0145,GEO_0145,TGT_0145,false,false,false,false,false,false,true,false,false,false,true,none,preparar footprint tecnico SAR com a janela temporal,true,true,true,true
GDG_0146,GEO_0146,TGT_0146,false,false,false,false,false,false,true,false,false,false,true,none,preparar footprint tecnico SAR com a janela temporal,true,true,true,true
GDG_0147,GEO_0147,TGT_0147,false,false,false,false,false,false,true,false,false,false,true,none,preparar footprint tecnico SAR com a janela temporal,true,true,true,true
GDG_0148,GEO_0148,TGT_0148,false,false,false,false,false,false,true,false,false,false,true,none,preparar footprint tecnico SAR com a janela temporal,true,true,true,true
GDG_0149,GEO_0149,TGT_0149,false,false,false,false,false,false,true,false,false,false,true,none,preparar footprint tecnico SAR com a janela temporal,true,true,true,true
GDG_0150,GEO_0150,TGT_0150,false,false,false,false,false,false,true,false,false,false,true,none,preparar footprint tecnico SAR com a janela temporal,true,true,true,true
GDG_0151,GEO_0151,TGT_0151,false,false,false,false,false,false,true,false,false,false,true,none,preparar footprint tecnico SAR com a janela temporal,true,true,true,true
GDG_0152,GEO_0152,TGT_0152,false,false,false,false,false,false,true,false,false,false,true,none,preparar footprint tecnico SAR com a janela temporal,true,true,true,true
GDG_0153,GEO_0153,TGT_0153,false,false,false,false,false,false,true,false,false,false,true,none,preparar footprint tecnico SAR com a janela temporal,true,true,true,true
GDG_0154,GEO_0154,TGT_0154,false,false,false,false,false,false,true,false,false,false,true,none,preparar footprint tecnico SAR com a janela temporal,true,true,true,true
GDG_0155,GEO_0155,TGT_0155,false,false,false,false,false,false,true,false,false,false,true,none,preparar footprint tecnico SAR com a janela temporal,true,true,true,true
GDG_0156,GEO_0156,TGT_0156,false,false,false,false,false,false,true,false,false,false,true,none,preparar footprint tecnico SAR com a janela temporal,true,true,true,true
GDG_0157,GEO_0157,TGT_0157,false,false,false,false,false,false,true,false,false,false,true,none,preparar footprint tecnico SAR com a janela temporal,true,true,true,true
GDG_0158,GEO_0158,TGT_0158,false,false,false,false,false,false,true,false,false,false,true,none,preparar footprint tecnico SAR com a janela temporal,true,true,true,true
GDG_0159,GEO_0159,TGT_0159,false,false,false,false,false,false,true,false,false,false,true,none,preparar footprint tecnico SAR com a janela temporal,true,true,true,true
GDG_0160,GEO_0160,TGT_0160,false,false,false,false,false,false,true,false,false,false,true,none,preparar footprint tecnico SAR com a janela temporal,true,true,true,true
GDG_0161,GEO_0161,TGT_0161,false,false,false,false,false,false,true,false,false,false,true,none,preparar footprint tecnico SAR com a janela temporal,true,true,true,true
GDG_0162,GEO_0162,TGT_0162,false,false,false,false,false,false,true,false,false,false,true,none,preparar footprint tecnico SAR com a janela temporal,true,true,true,true
GDG_0163,GEO_0163,TGT_0163,false,false,false,false,false,false,true,false,false,false,true,none,preparar footprint tecnico SAR com a janela temporal,true,true,true,true
GDG_0164,GEO_0164,TGT_0164,false,false,false,false,false,false,true,false,false,false,true,none,preparar footprint tecnico SAR com a janela temporal,true,true,true,true
GDG_0165,GEO_0165,TGT_0165,false,false,false,false,false,false,true,false,false,false,true,none,preparar footprint tecnico SAR com a janela temporal,true,true,true,true
GDG_0166,GEO_0166,TGT_0166,false,false,false,false,false,false,true,false,false,false,true,none,preparar footprint tecnico SAR com a janela temporal,true,true,true,true
GDG_0167,GEO_0167,TGT_0167,false,false,false,false,false,false,true,false,false,false,true,none,preparar footprint tecnico SAR com a janela temporal,true,true,true,true
GDG_0168,GEO_0168,TGT_0168,false,false,false,false,false,false,true,false,false,false,true,none,preparar footprint tecnico SAR com a janela temporal,true,true,true,true
GDG_0169,GEO_0169,TGT_0169,false,false,false,false,false,false,true,false,false,false,true,none,preparar footprint tecnico SAR com a janela temporal,true,true,true,true
GDG_0170,GEO_0170,TGT_0170,false,false,false,false,false,false,true,false,false,false,true,none,preparar footprint tecnico SAR com a janela temporal,true,true,true,true
GDG_0171,GEO_0171,TGT_0171,false,false,false,false,false,false,true,false,false,false,true,none,preparar footprint tecnico SAR com a janela temporal,true,true,true,true
GDG_0172,GEO_0172,TGT_0172,false,false,false,false,false,false,true,false,false,false,true,none,preparar footprint tecnico SAR com a janela temporal,true,true,true,true
GDG_0173,GEO_0173,TGT_0173,false,false,false,false,false,false,true,false,false,false,true,none,preparar footprint tecnico SAR com a janela temporal,true,true,true,true
GDG_0174,GEO_0174,TGT_0174,false,false,false,false,false,false,false,false,false,false,false,none,buscar ponto/poligono oficial ou preparar footprint SAR futuro,true,true,true,true
GDG_0175,GEO_0175,TGT_0175,false,false,false,false,false,false,false,false,false,false,true,none,preparar footprint tecnico SAR com a janela temporal,true,true,true,true
GDG_0176,GEO_0176,TGT_0176,false,false,false,false,false,false,false,false,false,false,true,none,preparar footprint tecnico SAR com a janela temporal,true,true,true,true
GDG_0177,GEO_0177,TGT_0177,false,false,false,false,false,false,false,false,false,false,true,none,preparar footprint tecnico SAR com a janela temporal,true,true,true,true
GDG_0178,GEO_0178,TGT_0178,false,false,false,false,false,false,false,false,false,false,true,none,preparar footprint tecnico SAR com a janela temporal,true,true,true,true
GDG_0179,GEO_0179,TGT_0179,false,false,false,false,false,false,false,false,false,false,true,none,preparar footprint tecnico SAR com a janela temporal,true,true,true,true
GDG_0180,GEO_0180,TGT_0180,false,false,false,false,false,false,false,false,false,false,true,none,preparar footprint tecnico SAR com a janela temporal,true,true,true,true
GDG_0181,GEO_0181,TGT_0181,false,false,false,false,false,false,false,false,false,false,true,none,preparar footprint tecnico SAR com a janela temporal,true,true,true,true
GDG_0182,GEO_0182,TGT_0182,false,false,false,false,false,false,false,false,false,false,false,none,buscar ponto/poligono oficial ou preparar footprint SAR futuro,true,true,true,true
GDG_0183,GEO_0183,TGT_0183,false,false,false,false,false,false,false,false,false,false,false,none,buscar ponto/poligono oficial ou preparar footprint SAR futuro,true,true,true,true
GDG_0184,GEO_0184,TGT_0184,false,false,false,false,false,false,false,false,false,false,false,fenomeno misto/deslizamento sem separacao da mancha de inundacao,separar o fenomeno antes de qualquer aquisicao,true,true,true,true
GDG_0185,GEO_0185,TGT_0185,false,false,false,false,false,false,false,false,false,false,false,fenomeno misto/deslizamento sem separacao da mancha de inundacao,separar o fenomeno antes de qualquer aquisicao,true,true,true,true
GDG_0186,GEO_0186,TGT_0186,false,false,false,true,false,false,false,false,false,true,false,none,buscar confirmacao de geometria oficial e estimar incerteza,true,true,true,true
GDG_0187,GEO_0187,TGT_0187,false,false,false,true,false,false,false,false,false,true,false,none,buscar confirmacao de geometria oficial e estimar incerteza,true,true,true,true
GDG_0188,GEO_0188,TGT_0188,false,false,false,true,false,false,false,false,false,true,false,none,buscar confirmacao de geometria oficial e estimar incerteza,true,true,true,true
GDG_0189,GEO_0189,TGT_0189,false,false,false,false,false,true,false,false,false,false,true,none,preparar footprint tecnico SAR com a janela temporal,true,true,true,true
GDG_0190,GEO_0190,TGT_0190,false,false,false,false,false,true,false,false,false,false,true,none,preparar footprint tecnico SAR com a janela temporal,true,true,true,true
GDG_0191,GEO_0191,TGT_0191,false,false,false,false,false,true,false,false,false,false,true,none,preparar footprint tecnico SAR com a janela temporal,true,true,true,true
GDG_0192,GEO_0192,TGT_0192,false,false,false,false,false,true,false,false,false,false,true,none,preparar footprint tecnico SAR com a janela temporal,true,true,true,true
GDG_0193,GEO_0193,TGT_0193,false,false,false,false,false,true,false,false,false,false,true,none,preparar footprint tecnico SAR com a janela temporal,true,true,true,true
GDG_0194,GEO_0194,TGT_0194,false,false,false,true,false,false,false,false,false,true,false,none,buscar confirmacao de geometria oficial e estimar incerteza,true,true,true,true
GDG_0195,GEO_0195,TGT_0195,false,false,false,true,false,false,false,false,false,true,false,none,buscar confirmacao de geometria oficial e estimar incerteza,true,true,true,true
GDG_0196,GEO_0196,TGT_0196,false,false,false,true,false,false,false,false,false,true,false,none,buscar confirmacao de geometria oficial e estimar incerteza,true,true,true,true
GDG_0197,GEO_0197,TGT_0197,false,false,false,true,false,false,false,false,false,true,false,none,buscar confirmacao de geometria oficial e estimar incerteza,true,true,true,true
GDG_0198,GEO_0198,TGT_0198,false,false,false,true,false,false,false,false,false,true,false,none,buscar confirmacao de geometria oficial e estimar incerteza,true,true,true,true
GDG_0199,GEO_0199,TGT_0199,false,false,false,true,false,false,false,false,false,true,false,none,buscar confirmacao de geometria oficial e estimar incerteza,true,true,true,true
GDG_0200,GEO_0200,TGT_0200,false,false,false,true,false,false,false,false,false,true,false,none,buscar confirmacao de geometria oficial e estimar incerteza,true,true,true,true
GDG_0201,GEO_0201,TGT_0201,false,false,false,true,false,false,false,false,false,true,false,none,buscar confirmacao de geometria oficial e estimar incerteza,true,true,true,true
GDG_0202,GEO_0202,TGT_0202,false,false,false,true,false,false,false,false,false,true,false,none,buscar confirmacao de geometria oficial e estimar incerteza,true,true,true,true
GDG_0203,GEO_0203,TGT_0203,false,false,false,true,false,false,false,false,false,true,false,none,buscar confirmacao de geometria oficial e estimar incerteza,true,true,true,true
GDG_0204,GEO_0204,TGT_0204,false,false,false,true,false,false,false,false,false,true,false,none,buscar confirmacao de geometria oficial e estimar incerteza,true,true,true,true
GDG_0205,GEO_0205,TGT_0205,false,false,false,true,false,false,false,false,false,true,false,none,buscar confirmacao de geometria oficial e estimar incerteza,true,true,true,true
GDG_0206,GEO_0206,TGT_0206,false,false,false,true,false,false,false,false,false,true,false,fenomeno misto/deslizamento sem separacao da mancha de inundacao,separar o fenomeno antes de qualquer aquisicao,true,true,true,true
GDG_0207,GEO_0207,TGT_0207,false,false,false,true,false,false,false,false,false,true,false,none,buscar confirmacao de geometria oficial e estimar incerteza,true,true,true,true
GDG_0208,GEO_0208,TGT_0208,false,false,false,true,false,false,false,false,false,true,false,none,buscar confirmacao de geometria oficial e estimar incerteza,true,true,true,true
GDG_0209,GEO_0209,TGT_0209,false,false,false,true,false,false,false,false,false,true,false,none,buscar confirmacao de geometria oficial e estimar incerteza,true,true,true,true
GDG_0210,GEO_0210,TGT_0210,false,false,false,true,false,false,false,false,false,true,false,none,buscar confirmacao de geometria oficial e estimar incerteza,true,true,true,true
GDG_0211,GEO_0211,TGT_0211,false,false,false,true,false,false,false,false,false,true,false,none,buscar confirmacao de geometria oficial e estimar incerteza,true,true,true,true
GDG_0212,GEO_0212,TGT_0212,false,false,false,true,false,false,false,false,false,true,false,none,buscar confirmacao de geometria oficial e estimar incerteza,true,true,true,true
GDG_0213,GEO_0213,TGT_0213,false,false,false,true,false,false,false,false,false,true,false,none,buscar confirmacao de geometria oficial e estimar incerteza,true,true,true,true
GDG_0214,GEO_0214,TGT_0214,false,false,false,true,false,false,false,false,false,true,false,none,buscar confirmacao de geometria oficial e estimar incerteza,true,true,true,true
GDG_0215,GEO_0215,TGT_0215,false,false,false,true,false,false,false,false,false,true,false,none,buscar confirmacao de geometria oficial e estimar incerteza,true,true,true,true
GDG_0216,GEO_0216,TGT_0216,false,false,false,true,false,false,false,false,false,true,false,none,buscar confirmacao de geometria oficial e estimar incerteza,true,true,true,true
GDG_0217,GEO_0217,TGT_0217,false,false,false,true,false,false,false,false,false,true,false,none,buscar confirmacao de geometria oficial e estimar incerteza,true,true,true,true
GDG_0218,GEO_0218,TGT_0218,false,false,false,true,false,false,false,false,false,true,false,none,buscar confirmacao de geometria oficial e estimar incerteza,true,true,true,true
GDG_0219,GEO_0219,TGT_0219,false,false,false,true,false,false,false,false,false,true,false,none,buscar confirmacao de geometria oficial e estimar incerteza,true,true,true,true
GDG_0220,GEO_0220,TGT_0220,false,false,false,true,false,false,false,false,false,true,false,none,buscar confirmacao de geometria oficial e estimar incerteza,true,true,true,true
GDG_0221,GEO_0221,TGT_0221,false,false,false,true,false,false,false,false,false,true,false,none,buscar confirmacao de geometria oficial e estimar incerteza,true,true,true,true
GDG_0222,GEO_0222,TGT_0222,false,false,false,true,false,false,false,false,false,true,false,none,buscar confirmacao de geometria oficial e estimar incerteza,true,true,true,true
GDG_0223,GEO_0223,TGT_0223,false,false,false,true,false,false,false,false,false,true,false,none,buscar confirmacao de geometria oficial e estimar incerteza,true,true,true,true
GDG_0224,GEO_0224,TGT_0224,false,false,false,true,false,false,false,false,false,true,false,none,buscar confirmacao de geometria oficial e estimar incerteza,true,true,true,true
GDG_0225,GEO_0225,TGT_0225,false,false,false,true,false,false,false,false,false,true,false,none,buscar confirmacao de geometria oficial e estimar incerteza,true,true,true,true
GDG_0226,GEO_0226,TGT_0226,false,false,false,true,false,false,false,false,false,true,false,none,buscar confirmacao de geometria oficial e estimar incerteza,true,true,true,true
GDG_0227,GEO_0227,TGT_0227,false,false,false,true,false,false,false,false,false,true,false,none,buscar confirmacao de geometria oficial e estimar incerteza,true,true,true,true
GDG_0228,GEO_0228,TGT_0228,false,false,false,true,false,false,false,false,false,true,false,none,buscar confirmacao de geometria oficial e estimar incerteza,true,true,true,true
GDG_0229,GEO_0229,TGT_0229,false,false,false,true,false,false,false,false,false,true,false,none,buscar confirmacao de geometria oficial e estimar incerteza,true,true,true,true
GDG_0230,GEO_0230,TGT_0230,false,false,false,true,false,false,false,false,false,true,false,none,buscar confirmacao de geometria oficial e estimar incerteza,true,true,true,true
GDG_0231,GEO_0231,TGT_0231,false,false,false,true,false,false,false,false,false,true,false,none,buscar confirmacao de geometria oficial e estimar incerteza,true,true,true,true
GDG_0232,GEO_0232,TGT_0232,false,false,false,true,false,false,false,false,false,true,false,none,buscar confirmacao de geometria oficial e estimar incerteza,true,true,true,true
GDG_0233,GEO_0233,TGT_0233,false,false,false,true,false,false,false,false,false,true,false,none,buscar confirmacao de geometria oficial e estimar incerteza,true,true,true,true
GDG_0234,GEO_0234,TGT_0234,false,false,false,true,false,false,false,false,false,true,false,none,buscar confirmacao de geometria oficial e estimar incerteza,true,true,true,true
GDG_0235,GEO_0235,TGT_0235,false,false,false,true,false,false,false,false,false,true,false,none,buscar confirmacao de geometria oficial e estimar incerteza,true,true,true,true
GDG_0236,GEO_0236,TGT_0236,false,false,false,true,false,false,false,false,false,true,false,none,buscar confirmacao de geometria oficial e estimar incerteza,true,true,true,true
GDG_0237,GEO_0237,TGT_0237,false,false,false,true,false,false,false,false,false,true,false,none,buscar confirmacao de geometria oficial e estimar incerteza,true,true,true,true
GDG_0238,GEO_0238,TGT_0238,false,false,false,true,false,false,false,false,false,true,false,none,buscar confirmacao de geometria oficial e estimar incerteza,true,true,true,true
GDG_0239,GEO_0239,TGT_0239,false,false,false,true,false,false,false,false,false,true,false,none,buscar confirmacao de geometria oficial e estimar incerteza,true,true,true,true
GDG_0240,GEO_0240,TGT_0240,false,false,false,true,false,false,false,false,false,true,false,none,buscar confirmacao de geometria oficial e estimar incerteza,true,true,true,true
GDG_0241,GEO_0241,TGT_0241,false,false,false,true,false,false,false,false,false,true,false,none,buscar confirmacao de geometria oficial e estimar incerteza,true,true,true,true
GDG_0242,GEO_0242,TGT_0242,false,false,false,true,false,false,false,false,false,true,false,none,buscar confirmacao de geometria oficial e estimar incerteza,true,true,true,true
GDG_0243,GEO_0243,TGT_0243,false,false,false,true,false,false,false,false,false,true,false,none,buscar confirmacao de geometria oficial e estimar incerteza,true,true,true,true
GDG_0244,GEO_0244,TGT_0244,false,false,false,true,false,false,false,false,false,true,false,none,buscar confirmacao de geometria oficial e estimar incerteza,true,true,true,true
GDG_0245,GEO_0245,TGT_0245,false,false,false,true,false,false,false,false,false,true,false,none,buscar confirmacao de geometria oficial e estimar incerteza,true,true,true,true
GDG_0246,GEO_0246,TGT_0246,false,false,false,true,false,false,false,false,false,true,false,none,buscar confirmacao de geometria oficial e estimar incerteza,true,true,true,true
GDG_0247,GEO_0247,TGT_0247,false,false,false,true,false,false,false,false,false,true,false,none,buscar confirmacao de geometria oficial e estimar incerteza,true,true,true,true
GDG_0248,GEO_0248,TGT_0248,false,false,false,true,false,false,false,false,false,true,false,none,buscar confirmacao de geometria oficial e estimar incerteza,true,true,true,true
GDG_0249,GEO_0249,TGT_0249,false,false,false,true,false,false,false,false,false,true,false,none,buscar confirmacao de geometria oficial e estimar incerteza,true,true,true,true
GDG_0250,GEO_0250,TGT_0250,false,false,false,true,false,false,false,false,false,true,false,none,buscar confirmacao de geometria oficial e estimar incerteza,true,true,true,true
GDG_0251,GEO_0251,TGT_0251,false,false,false,true,false,false,false,false,false,true,false,none,buscar confirmacao de geometria oficial e estimar incerteza,true,true,true,true
GDG_0252,GEO_0252,TGT_0252,false,false,false,true,false,false,false,false,false,true,false,none,buscar confirmacao de geometria oficial e estimar incerteza,true,true,true,true
GDG_0253,GEO_0253,TGT_0253,false,false,false,true,false,false,false,false,false,true,false,none,buscar confirmacao de geometria oficial e estimar incerteza,true,true,true,true
GDG_0254,GEO_0254,TGT_0254,false,false,false,true,false,false,false,false,false,true,false,none,buscar confirmacao de geometria oficial e estimar incerteza,true,true,true,true
GDG_0255,GEO_0255,TGT_0255,false,false,false,true,false,false,false,false,false,true,false,none,buscar confirmacao de geometria oficial e estimar incerteza,true,true,true,true
GDG_0256,GEO_0256,TGT_0256,false,false,false,true,false,false,false,false,false,true,false,none,buscar confirmacao de geometria oficial e estimar incerteza,true,true,true,true
GDG_0257,GEO_0257,TGT_0257,false,false,false,true,false,false,false,false,false,true,false,none,buscar confirmacao de geometria oficial e estimar incerteza,true,true,true,true
GDG_0258,GEO_0258,TGT_0258,false,false,false,true,false,false,false,false,false,true,false,none,buscar confirmacao de geometria oficial e estimar incerteza,true,true,true,true
GDG_0259,GEO_0259,TGT_0259,false,false,false,true,false,false,false,false,false,true,false,none,buscar confirmacao de geometria oficial e estimar incerteza,true,true,true,true
GDG_0260,GEO_0260,TGT_0260,false,false,false,true,false,false,false,false,false,true,false,none,buscar confirmacao de geometria oficial e estimar incerteza,true,true,true,true
GDG_0261,GEO_0261,TGT_0261,false,false,false,true,false,false,false,false,false,true,false,none,buscar confirmacao de geometria oficial e estimar incerteza,true,true,true,true
GDG_0262,GEO_0262,TGT_0262,false,false,false,true,false,false,false,false,false,true,false,none,buscar confirmacao de geometria oficial e estimar incerteza,true,true,true,true
GDG_0263,GEO_0263,TGT_0263,false,false,false,true,false,false,false,false,false,true,false,none,buscar confirmacao de geometria oficial e estimar incerteza,true,true,true,true
GDG_0264,GEO_0264,TGT_0264,false,false,false,true,false,false,false,false,false,true,false,none,buscar confirmacao de geometria oficial e estimar incerteza,true,true,true,true
GDG_0265,GEO_0265,TGT_0265,false,false,false,true,false,false,false,false,false,true,false,none,buscar confirmacao de geometria oficial e estimar incerteza,true,true,true,true
GDG_0266,GEO_0266,TGT_0266,false,false,false,true,false,false,false,false,false,true,false,none,buscar confirmacao de geometria oficial e estimar incerteza,true,true,true,true
GDG_0267,GEO_0267,TGT_0267,false,false,false,true,false,false,false,false,false,true,false,none,buscar confirmacao de geometria oficial e estimar incerteza,true,true,true,true
GDG_0268,GEO_0268,TGT_0268,false,false,false,true,false,false,false,false,false,true,false,none,buscar confirmacao de geometria oficial e estimar incerteza,true,true,true,true
GDG_0269,GEO_0269,TGT_0269,false,false,false,true,false,false,false,false,false,true,false,none,buscar confirmacao de geometria oficial e estimar incerteza,true,true,true,true
GDG_0270,GEO_0270,TGT_0270,false,false,false,true,false,false,false,false,false,true,false,none,buscar confirmacao de geometria oficial e estimar incerteza,true,true,true,true
GDG_0271,GEO_0271,TGT_0271,false,false,false,true,false,false,false,false,false,true,false,none,buscar confirmacao de geometria oficial e estimar incerteza,true,true,true,true
GDG_0272,GEO_0272,TGT_0272,false,false,false,true,false,false,false,false,false,true,false,none,buscar confirmacao de geometria oficial e estimar incerteza,true,true,true,true
GDG_0273,GEO_0273,TGT_0273,false,false,false,true,false,false,false,false,false,true,false,none,buscar confirmacao de geometria oficial e estimar incerteza,true,true,true,true
GDG_0274,GEO_0274,TGT_0274,false,false,false,true,false,false,false,false,false,true,false,none,buscar confirmacao de geometria oficial e estimar incerteza,true,true,true,true
GDG_0275,GEO_0275,TGT_0275,false,false,false,true,false,false,false,false,false,true,false,none,buscar confirmacao de geometria oficial e estimar incerteza,true,true,true,true
GDG_0276,GEO_0276,TGT_0276,false,false,false,true,false,false,false,false,false,true,false,none,buscar confirmacao de geometria oficial e estimar incerteza,true,true,true,true
GDG_0277,GEO_0277,TGT_0277,false,false,false,true,false,false,false,false,false,true,false,none,buscar confirmacao de geometria oficial e estimar incerteza,true,true,true,true
GDG_0278,GEO_0278,TGT_0278,false,false,false,true,false,false,false,false,false,true,false,none,buscar confirmacao de geometria oficial e estimar incerteza,true,true,true,true
GDG_0279,GEO_0279,TGT_0279,false,false,false,true,false,false,false,false,false,true,false,none,buscar confirmacao de geometria oficial e estimar incerteza,true,true,true,true
GDG_0280,GEO_0280,TGT_0280,false,false,false,true,false,false,false,false,false,true,false,none,buscar confirmacao de geometria oficial e estimar incerteza,true,true,true,true
GDG_0281,GEO_0281,TGT_0281,false,false,false,true,false,false,false,false,false,true,false,none,buscar confirmacao de geometria oficial e estimar incerteza,true,true,true,true
GDG_0282,GEO_0282,TGT_0282,false,false,false,true,false,false,false,false,false,true,false,none,buscar confirmacao de geometria oficial e estimar incerteza,true,true,true,true
GDG_0283,GEO_0283,TGT_0283,false,false,false,true,false,false,false,false,false,true,false,none,buscar confirmacao de geometria oficial e estimar incerteza,true,true,true,true
GDG_0284,GEO_0284,TGT_0284,false,false,false,true,false,false,false,false,false,true,false,none,buscar confirmacao de geometria oficial e estimar incerteza,true,true,true,true
GDG_0285,GEO_0285,TGT_0285,false,false,false,true,false,false,false,false,false,true,false,none,buscar confirmacao de geometria oficial e estimar incerteza,true,true,true,true
GDG_0286,GEO_0286,TGT_0286,false,false,false,true,false,false,false,false,false,true,false,none,buscar confirmacao de geometria oficial e estimar incerteza,true,true,true,true
GDG_0287,GEO_0287,TGT_0287,false,false,false,true,false,false,false,false,false,true,false,none,buscar confirmacao de geometria oficial e estimar incerteza,true,true,true,true
GDG_0288,GEO_0288,TGT_0288,false,false,false,true,false,false,false,false,false,true,false,none,buscar confirmacao de geometria oficial e estimar incerteza,true,true,true,true
GDG_0289,GEO_0289,TGT_0289,false,false,false,true,false,false,false,false,false,true,false,none,buscar confirmacao de geometria oficial e estimar incerteza,true,true,true,true
GDG_0290,GEO_0290,TGT_0290,false,false,false,true,false,false,false,false,false,true,false,none,buscar confirmacao de geometria oficial e estimar incerteza,true,true,true,true
GDG_0291,GEO_0291,TGT_0291,false,false,false,true,false,false,false,false,false,true,false,none,buscar confirmacao de geometria oficial e estimar incerteza,true,true,true,true
GDG_0292,GEO_0292,TGT_0292,false,false,false,true,false,false,false,false,false,true,false,none,buscar confirmacao de geometria oficial e estimar incerteza,true,true,true,true
GDG_0293,GEO_0293,TGT_0293,false,false,false,true,false,false,false,false,false,true,false,none,buscar confirmacao de geometria oficial e estimar incerteza,true,true,true,true
GDG_0294,GEO_0294,TGT_0294,false,false,false,true,false,false,false,false,false,true,false,none,buscar confirmacao de geometria oficial e estimar incerteza,true,true,true,true
GDG_0295,GEO_0295,TGT_0295,false,false,false,true,false,false,false,false,false,true,false,none,buscar confirmacao de geometria oficial e estimar incerteza,true,true,true,true
GDG_0296,GEO_0296,TGT_0296,false,false,false,true,false,false,false,false,false,true,false,none,buscar confirmacao de geometria oficial e estimar incerteza,true,true,true,true
GDG_0297,GEO_0297,TGT_0297,false,false,false,true,false,false,false,false,false,true,false,none,buscar confirmacao de geometria oficial e estimar incerteza,true,true,true,true
GDG_0298,GEO_0298,TGT_0298,false,false,false,true,false,false,false,false,false,true,false,none,buscar confirmacao de geometria oficial e estimar incerteza,true,true,true,true
GDG_0299,GEO_0299,TGT_0299,false,false,false,true,false,false,false,false,false,true,false,none,buscar confirmacao de geometria oficial e estimar incerteza,true,true,true,true
GDG_0300,GEO_0300,TGT_0300,false,false,false,true,false,false,false,false,false,true,false,none,buscar confirmacao de geometria oficial e estimar incerteza,true,true,true,true
GDG_0301,GEO_0301,TGT_0301,false,false,false,true,false,false,false,false,false,true,false,none,buscar confirmacao de geometria oficial e estimar incerteza,true,true,true,true
GDG_0302,GEO_0302,TGT_0302,false,false,false,true,false,false,false,false,false,true,false,none,buscar confirmacao de geometria oficial e estimar incerteza,true,true,true,true
GDG_0303,GEO_0303,TGT_0303,false,false,false,true,false,false,false,false,false,true,false,none,buscar confirmacao de geometria oficial e estimar incerteza,true,true,true,true
GDG_0304,GEO_0304,TGT_0304,false,false,false,true,false,false,false,false,false,true,false,none,buscar confirmacao de geometria oficial e estimar incerteza,true,true,true,true
GDG_0305,GEO_0305,TGT_0305,false,false,false,true,false,false,false,false,false,true,false,none,buscar confirmacao de geometria oficial e estimar incerteza,true,true,true,true
GDG_0306,GEO_0306,TGT_0306,false,false,false,true,false,false,false,false,false,true,false,none,buscar confirmacao de geometria oficial e estimar incerteza,true,true,true,true
GDG_0307,GEO_0307,TGT_0307,false,false,false,true,false,false,false,false,false,true,false,none,buscar confirmacao de geometria oficial e estimar incerteza,true,true,true,true
GDG_0308,GEO_0308,TGT_0308,false,false,false,true,false,false,false,false,false,true,false,none,buscar confirmacao de geometria oficial e estimar incerteza,true,true,true,true
GDG_0309,GEO_0309,TGT_0309,false,false,false,true,false,false,false,false,false,true,false,none,buscar confirmacao de geometria oficial e estimar incerteza,true,true,true,true
GDG_0310,GEO_0310,TGT_0310,false,false,false,true,false,false,false,false,false,true,false,none,buscar confirmacao de geometria oficial e estimar incerteza,true,true,true,true
GDG_0311,GEO_0311,TGT_0311,false,false,false,true,false,false,false,false,false,true,false,none,buscar confirmacao de geometria oficial e estimar incerteza,true,true,true,true
GDG_0312,GEO_0312,TGT_0312,false,false,false,true,false,false,false,false,false,true,false,none,buscar confirmacao de geometria oficial e estimar incerteza,true,true,true,true
GDG_0313,GEO_0313,TGT_0313,false,false,false,true,false,false,false,false,false,true,false,none,buscar confirmacao de geometria oficial e estimar incerteza,true,true,true,true
GDG_0314,GEO_0314,TGT_0314,false,false,false,true,false,false,false,false,false,true,false,none,buscar confirmacao de geometria oficial e estimar incerteza,true,true,true,true
GDG_0315,GEO_0315,TGT_0315,false,false,false,true,false,false,false,false,false,true,false,none,buscar confirmacao de geometria oficial e estimar incerteza,true,true,true,true
GDG_0316,GEO_0316,TGT_0316,false,false,false,true,false,false,false,false,false,true,false,none,buscar confirmacao de geometria oficial e estimar incerteza,true,true,true,true
GDG_0317,GEO_0317,TGT_0317,false,false,false,true,false,false,false,false,false,true,false,none,buscar confirmacao de geometria oficial e estimar incerteza,true,true,true,true
GDG_0318,GEO_0318,TGT_0318,false,false,false,true,false,false,false,false,false,true,false,none,buscar confirmacao de geometria oficial e estimar incerteza,true,true,true,true
GDG_0319,GEO_0319,TGT_0319,false,false,false,true,false,false,false,false,false,true,false,none,buscar confirmacao de geometria oficial e estimar incerteza,true,true,true,true
GDG_0320,GEO_0320,TGT_0320,false,false,false,true,false,false,false,false,false,true,false,none,buscar confirmacao de geometria oficial e estimar incerteza,true,true,true,true
GDG_0321,GEO_0321,TGT_0321,false,false,false,true,false,false,false,false,false,true,false,none,buscar confirmacao de geometria oficial e estimar incerteza,true,true,true,true
GDG_0322,GEO_0322,TGT_0322,false,false,false,true,false,false,false,false,false,true,false,none,buscar confirmacao de geometria oficial e estimar incerteza,true,true,true,true
GDG_0323,GEO_0323,TGT_0323,false,false,false,true,false,false,false,false,false,true,false,none,buscar confirmacao de geometria oficial e estimar incerteza,true,true,true,true
GDG_0324,GEO_0324,TGT_0324,false,false,false,true,false,false,false,false,false,true,false,none,buscar confirmacao de geometria oficial e estimar incerteza,true,true,true,true
GDG_0325,GEO_0325,TGT_0325,false,false,false,true,false,false,false,false,false,true,false,none,buscar confirmacao de geometria oficial e estimar incerteza,true,true,true,true
GDG_0326,GEO_0326,TGT_0326,false,false,false,true,false,false,false,false,false,true,false,none,buscar confirmacao de geometria oficial e estimar incerteza,true,true,true,true
GDG_0327,GEO_0327,TGT_0327,false,false,false,true,false,false,false,false,false,true,false,none,buscar confirmacao de geometria oficial e estimar incerteza,true,true,true,true
GDG_0328,GEO_0328,TGT_0328,false,false,false,true,false,false,false,false,false,true,false,none,buscar confirmacao de geometria oficial e estimar incerteza,true,true,true,true
GDG_0329,GEO_0329,TGT_0329,false,false,false,true,false,false,false,false,false,true,false,none,buscar confirmacao de geometria oficial e estimar incerteza,true,true,true,true
GDG_0330,GEO_0330,TGT_0330,false,false,false,true,false,false,false,false,false,true,false,none,buscar confirmacao de geometria oficial e estimar incerteza,true,true,true,true
GDG_0331,GEO_0331,TGT_0331,false,false,false,true,false,false,false,false,false,true,false,none,buscar confirmacao de geometria oficial e estimar incerteza,true,true,true,true
GDG_0332,GEO_0332,TGT_0332,false,false,false,true,false,false,false,false,false,true,false,none,buscar confirmacao de geometria oficial e estimar incerteza,true,true,true,true
GDG_0333,GEO_0333,TGT_0333,false,false,false,true,false,false,false,false,false,true,false,none,buscar confirmacao de geometria oficial e estimar incerteza,true,true,true,true
GDG_0334,GEO_0334,TGT_0334,false,false,false,true,false,false,false,false,false,true,false,none,buscar confirmacao de geometria oficial e estimar incerteza,true,true,true,true
GDG_0335,GEO_0335,TGT_0335,false,false,false,true,false,false,false,false,false,true,false,none,buscar confirmacao de geometria oficial e estimar incerteza,true,true,true,true
GDG_0336,GEO_0336,TGT_0336,false,false,false,true,false,false,false,false,false,true,false,none,buscar confirmacao de geometria oficial e estimar incerteza,true,true,true,true
GDG_0337,GEO_0337,TGT_0337,false,false,false,true,false,false,false,false,false,true,false,none,buscar confirmacao de geometria oficial e estimar incerteza,true,true,true,true
GDG_0338,GEO_0338,TGT_0338,false,false,false,true,false,false,false,false,false,true,false,none,buscar confirmacao de geometria oficial e estimar incerteza,true,true,true,true
GDG_0339,GEO_0339,TGT_0339,false,false,false,true,false,false,false,false,false,true,false,none,buscar confirmacao de geometria oficial e estimar incerteza,true,true,true,true
GDG_0340,GEO_0340,TGT_0340,false,false,false,true,false,false,false,false,false,true,false,none,buscar confirmacao de geometria oficial e estimar incerteza,true,true,true,true
GDG_0341,GEO_0341,TGT_0341,false,false,false,true,false,false,false,false,false,true,false,none,buscar confirmacao de geometria oficial e estimar incerteza,true,true,true,true
GDG_0342,GEO_0342,TGT_0342,false,false,false,true,false,false,false,false,false,true,false,none,buscar confirmacao de geometria oficial e estimar incerteza,true,true,true,true
GDG_0343,GEO_0343,TGT_0343,false,false,false,true,false,false,false,false,false,true,false,none,buscar confirmacao de geometria oficial e estimar incerteza,true,true,true,true
GDG_0344,GEO_0344,TGT_0344,false,false,false,true,false,false,false,false,false,true,false,none,buscar confirmacao de geometria oficial e estimar incerteza,true,true,true,true
GDG_0345,GEO_0345,TGT_0345,false,false,false,true,false,false,false,false,false,true,false,none,buscar confirmacao de geometria oficial e estimar incerteza,true,true,true,true
GDG_0346,GEO_0346,TGT_0346,false,false,false,true,false,false,false,false,false,true,false,none,buscar confirmacao de geometria oficial e estimar incerteza,true,true,true,true
GDG_0347,GEO_0347,TGT_0347,false,false,false,true,false,false,false,false,false,true,false,none,buscar confirmacao de geometria oficial e estimar incerteza,true,true,true,true
GDG_0348,GEO_0348,TGT_0348,false,false,false,true,false,false,false,false,false,true,false,none,buscar confirmacao de geometria oficial e estimar incerteza,true,true,true,true
GDG_0349,GEO_0349,TGT_0349,false,false,false,true,false,false,false,false,false,true,false,none,buscar confirmacao de geometria oficial e estimar incerteza,true,true,true,true
GDG_0350,GEO_0350,TGT_0350,false,false,false,true,false,false,false,false,false,true,false,none,buscar confirmacao de geometria oficial e estimar incerteza,true,true,true,true
GDG_0351,GEO_0351,TGT_0351,false,false,false,true,false,false,false,false,false,true,false,none,buscar confirmacao de geometria oficial e estimar incerteza,true,true,true,true
GDG_0352,GEO_0352,TGT_0352,false,false,false,true,false,false,false,false,false,true,false,none,buscar confirmacao de geometria oficial e estimar incerteza,true,true,true,true
GDG_0353,GEO_0353,TGT_0353,false,false,false,true,false,false,false,false,false,true,false,none,buscar confirmacao de geometria oficial e estimar incerteza,true,true,true,true
GDG_0354,GEO_0354,TGT_0354,false,false,false,true,false,false,false,false,false,true,false,none,buscar confirmacao de geometria oficial e estimar incerteza,true,true,true,true
GDG_0355,GEO_0355,TGT_0355,false,false,false,true,false,false,false,false,false,true,false,none,buscar confirmacao de geometria oficial e estimar incerteza,true,true,true,true
GDG_0356,GEO_0356,TGT_0356,false,false,false,true,false,false,false,false,false,true,false,none,buscar confirmacao de geometria oficial e estimar incerteza,true,true,true,true
GDG_0357,GEO_0357,TGT_0357,false,false,false,true,false,false,false,false,false,true,false,none,buscar confirmacao de geometria oficial e estimar incerteza,true,true,true,true
GDG_0358,GEO_0358,TGT_0358,false,false,false,true,false,false,false,false,false,true,false,none,buscar confirmacao de geometria oficial e estimar incerteza,true,true,true,true
GDG_0359,GEO_0359,TGT_0359,false,false,false,true,false,false,false,false,false,true,false,none,buscar confirmacao de geometria oficial e estimar incerteza,true,true,true,true
GDG_0360,GEO_0360,TGT_0360,false,false,false,true,false,false,false,false,false,true,false,none,buscar confirmacao de geometria oficial e estimar incerteza,true,true,true,true
GDG_0361,GEO_0361,TGT_0361,false,false,false,true,false,false,false,false,false,true,false,none,buscar confirmacao de geometria oficial e estimar incerteza,true,true,true,true
GDG_0362,GEO_0362,TGT_0362,false,false,false,true,false,false,false,false,false,true,false,none,buscar confirmacao de geometria oficial e estimar incerteza,true,true,true,true
GDG_0363,GEO_0363,TGT_0363,false,false,false,true,false,false,false,false,false,true,false,none,buscar confirmacao de geometria oficial e estimar incerteza,true,true,true,true
GDG_0364,GEO_0364,TGT_0364,false,false,false,true,false,false,false,false,false,true,false,none,buscar confirmacao de geometria oficial e estimar incerteza,true,true,true,true
GDG_0365,GEO_0365,TGT_0365,false,false,false,true,false,false,false,false,false,true,false,none,buscar confirmacao de geometria oficial e estimar incerteza,true,true,true,true
GDG_0366,GEO_0366,TGT_0366,false,false,false,true,false,false,false,false,false,true,false,none,buscar confirmacao de geometria oficial e estimar incerteza,true,true,true,true
GDG_0367,GEO_0367,TGT_0367,false,false,false,true,false,false,false,false,false,true,false,none,buscar confirmacao de geometria oficial e estimar incerteza,true,true,true,true
GDG_0368,GEO_0368,TGT_0368,false,false,false,false,false,false,false,false,false,false,true,none,preparar footprint tecnico SAR com a janela temporal,true,true,true,true
GDG_0369,GEO_0369,TGT_0369,false,false,false,false,false,false,false,false,false,false,true,none,preparar footprint tecnico SAR com a janela temporal,true,true,true,true
GDG_0370,GEO_0370,TGT_0370,false,false,false,false,false,false,false,false,false,false,true,none,preparar footprint tecnico SAR com a janela temporal,true,true,true,true
GDG_0371,GEO_0371,TGT_0371,false,false,false,false,false,false,false,false,false,false,true,none,preparar footprint tecnico SAR com a janela temporal,true,true,true,true
GDG_0372,GEO_0372,TGT_0372,false,false,false,false,false,false,false,false,false,false,true,none,preparar footprint tecnico SAR com a janela temporal,true,true,true,true
GDG_0373,GEO_0373,TGT_0373,false,false,false,false,false,false,false,false,false,false,false,none,buscar ponto/poligono oficial ou preparar footprint SAR futuro,true,true,true,true
GDG_0374,GEO_0374,TGT_0374,false,false,false,false,false,false,false,false,false,false,true,none,preparar footprint tecnico SAR com a janela temporal,true,true,true,true
GDG_0375,GEO_0375,TGT_0375,false,false,false,false,false,false,false,false,false,false,true,none,preparar footprint tecnico SAR com a janela temporal,true,true,true,true
GDG_0376,GEO_0376,TGT_0376,false,false,false,false,false,false,false,false,false,false,false,none,buscar ponto/poligono oficial ou preparar footprint SAR futuro,true,true,true,true
GDG_0377,GEO_0377,TGT_0377,false,false,false,false,false,false,false,false,false,false,false,none,buscar ponto/poligono oficial ou preparar footprint SAR futuro,true,true,true,true
GDG_0378,GEO_0378,TGT_0378,false,false,false,false,false,false,false,false,false,false,false,none,buscar ponto/poligono oficial ou preparar footprint SAR futuro,true,true,true,true
GDG_0379,GEO_0379,TGT_0379,false,false,false,false,false,false,false,false,false,false,false,fenomeno misto/deslizamento sem separacao da mancha de inundacao,separar o fenomeno antes de qualquer aquisicao,true,true,true,true
GDG_0380,GEO_0380,TGT_0380,false,false,false,false,false,false,false,false,false,false,false,fenomeno misto/deslizamento sem separacao da mancha de inundacao,separar o fenomeno antes de qualquer aquisicao,true,true,true,true
GDG_0381,GEO_0381,TGT_0381,false,false,false,false,false,false,false,false,false,false,false,fenomeno misto/deslizamento sem separacao da mancha de inundacao,separar o fenomeno antes de qualquer aquisicao,true,true,true,true
GDG_0382,GEO_0382,TGT_0382,false,false,false,false,false,false,false,false,false,false,false,fenomeno misto/deslizamento sem separacao da mancha de inundacao,separar o fenomeno antes de qualquer aquisicao,true,true,true,true
GDG_0383,GEO_0383,TGT_0383,false,false,false,false,false,false,false,false,false,false,false,none,buscar ponto/poligono oficial ou preparar footprint SAR futuro,true,true,true,true
GDG_0384,GEO_0384,TGT_0384,false,false,false,false,false,false,false,false,false,false,false,none,buscar ponto/poligono oficial ou preparar footprint SAR futuro,true,true,true,true
GDG_0385,GEO_0385,TGT_0385,false,false,false,false,false,false,false,false,false,false,false,fenomeno misto/deslizamento sem separacao da mancha de inundacao,separar o fenomeno antes de qualquer aquisicao,true,true,true,true
GDG_0386,GEO_0386,TGT_0386,false,false,false,false,false,false,false,false,false,false,true,none,preparar footprint tecnico SAR com a janela temporal,true,true,true,true
GDG_0387,GEO_0387,TGT_0387,false,false,false,false,false,false,false,false,false,false,true,none,preparar footprint tecnico SAR com a janela temporal,true,true,true,true
GDG_0388,GEO_0388,TGT_0388,false,false,false,false,false,false,false,false,false,false,true,none,preparar footprint tecnico SAR com a janela temporal,true,true,true,true
GDG_0389,GEO_0389,TGT_0389,false,false,false,false,false,false,false,false,false,false,true,none,preparar footprint tecnico SAR com a janela temporal,true,true,true,true
GDG_0390,GEO_0390,TGT_0390,false,false,false,false,false,false,false,false,false,false,true,none,preparar footprint tecnico SAR com a janela temporal,true,true,true,true
GDG_0391,GEO_0391,TGT_0391,false,false,false,false,false,false,false,false,false,false,true,none,preparar footprint tecnico SAR com a janela temporal,true,true,true,true
GDG_0392,GEO_0392,TGT_0392,false,false,false,false,false,false,false,false,false,false,true,none,preparar footprint tecnico SAR com a janela temporal,true,true,true,true
GDG_0393,GEO_0393,TGT_0393,false,false,false,false,false,false,false,false,false,false,true,none,preparar footprint tecnico SAR com a janela temporal,true,true,true,true
GDG_0394,GEO_0394,TGT_0394,false,false,false,false,false,false,false,false,false,false,true,none,preparar footprint tecnico SAR com a janela temporal,true,true,true,true
GDG_0395,GEO_0395,TGT_0395,false,false,false,false,false,false,false,false,false,false,true,none,preparar footprint tecnico SAR com a janela temporal,true,true,true,true
GDG_0396,GEO_0396,TGT_0396,false,false,false,false,false,false,false,false,false,false,true,none,preparar footprint tecnico SAR com a janela temporal,true,true,true,true
GDG_0397,GEO_0397,TGT_0397,false,false,false,false,false,false,false,false,false,false,true,none,preparar footprint tecnico SAR com a janela temporal,true,true,true,true
GDG_0398,GEO_0398,TGT_0398,false,false,false,false,false,false,false,false,false,false,true,none,preparar footprint tecnico SAR com a janela temporal,true,true,true,true
GDG_0399,GEO_0399,TGT_0399,false,false,false,false,false,false,false,false,false,false,true,none,preparar footprint tecnico SAR com a janela temporal,true,true,true,true
GDG_0400,GEO_0400,TGT_0400,false,false,false,false,false,false,false,false,false,false,true,none,preparar footprint tecnico SAR com a janela temporal,true,true,true,true
GDG_0401,GEO_0401,TGT_0401,false,false,false,false,false,false,false,false,false,false,true,none,preparar footprint tecnico SAR com a janela temporal,true,true,true,true
GDG_0402,GEO_0402,TGT_0402,false,false,false,false,false,false,false,false,false,false,true,none,preparar footprint tecnico SAR com a janela temporal,true,true,true,true
GDG_0403,GEO_0403,TGT_0403,false,false,false,false,false,false,false,false,false,false,true,none,preparar footprint tecnico SAR com a janela temporal,true,true,true,true
GDG_0404,GEO_0404,TGT_0404,false,false,false,false,false,false,false,false,false,false,true,none,preparar footprint tecnico SAR com a janela temporal,true,true,true,true
GDG_0405,GEO_0405,TGT_0405,false,false,false,false,false,false,false,false,false,false,true,none,preparar footprint tecnico SAR com a janela temporal,true,true,true,true
GDG_0406,GEO_0406,TGT_0406,false,false,false,false,false,false,false,false,false,false,true,none,preparar footprint tecnico SAR com a janela temporal,true,true,true,true
GDG_0407,GEO_0407,TGT_0407,false,false,false,false,false,false,false,false,false,false,true,none,preparar footprint tecnico SAR com a janela temporal,true,true,true,true
GDG_0408,GEO_0408,TGT_0408,false,false,false,false,false,false,false,false,false,false,true,none,preparar footprint tecnico SAR com a janela temporal,true,true,true,true
GDG_0409,GEO_0409,TGT_0409,false,false,false,false,false,false,false,false,false,false,true,none,preparar footprint tecnico SAR com a janela temporal,true,true,true,true
GDG_0410,GEO_0410,TGT_0410,false,false,false,false,false,false,false,false,false,false,true,none,preparar footprint tecnico SAR com a janela temporal,true,true,true,true
GDG_0411,GEO_0411,TGT_0411,false,false,false,false,false,false,false,false,false,false,true,none,preparar footprint tecnico SAR com a janela temporal,true,true,true,true
GDG_0412,GEO_0412,TGT_0412,false,false,false,false,false,false,false,false,false,false,true,none,preparar footprint tecnico SAR com a janela temporal,true,true,true,true
GDG_0413,GEO_0413,TGT_0413,false,false,false,false,false,false,false,false,false,false,true,none,preparar footprint tecnico SAR com a janela temporal,true,true,true,true
GDG_0414,GEO_0414,TGT_0414,false,false,false,false,false,false,false,false,false,false,true,none,preparar footprint tecnico SAR com a janela temporal,true,true,true,true
GDG_0415,GEO_0415,TGT_0415,false,false,false,false,false,false,false,false,false,false,true,none,preparar footprint tecnico SAR com a janela temporal,true,true,true,true
GDG_0416,GEO_0416,TGT_0416,false,false,false,false,false,false,false,false,false,false,true,none,preparar footprint tecnico SAR com a janela temporal,true,true,true,true
GDG_0417,GEO_0417,TGT_0417,false,false,false,false,false,false,false,false,false,false,true,none,preparar footprint tecnico SAR com a janela temporal,true,true,true,true
GDG_0418,GEO_0418,TGT_0418,false,false,false,false,false,false,false,false,false,false,true,none,preparar footprint tecnico SAR com a janela temporal,true,true,true,true
GDG_0419,GEO_0419,TGT_0419,false,false,false,false,false,false,false,false,false,false,true,none,preparar footprint tecnico SAR com a janela temporal,true,true,true,true
GDG_0420,GEO_0420,TGT_0420,false,false,false,false,false,false,false,false,false,false,true,none,preparar footprint tecnico SAR com a janela temporal,true,true,true,true
GDG_0421,GEO_0421,TGT_0421,false,false,false,false,false,false,false,false,false,false,true,none,preparar footprint tecnico SAR com a janela temporal,true,true,true,true
GDG_0422,GEO_0422,TGT_0422,false,false,false,false,false,false,false,false,false,false,true,none,preparar footprint tecnico SAR com a janela temporal,true,true,true,true
GDG_0423,GEO_0423,TGT_0423,false,false,false,false,false,false,false,false,false,false,true,none,preparar footprint tecnico SAR com a janela temporal,true,true,true,true
GDG_0424,GEO_0424,TGT_0424,false,false,false,false,false,false,false,false,false,false,true,none,preparar footprint tecnico SAR com a janela temporal,true,true,true,true
GDG_0425,GEO_0425,TGT_0425,false,false,false,false,false,false,false,false,false,false,true,none,preparar footprint tecnico SAR com a janela temporal,true,true,true,true
GDG_0426,GEO_0426,TGT_0426,false,false,false,false,false,false,false,false,false,false,true,none,preparar footprint tecnico SAR com a janela temporal,true,true,true,true
GDG_0427,GEO_0427,TGT_0427,false,false,false,false,false,false,false,false,false,false,true,none,preparar footprint tecnico SAR com a janela temporal,true,true,true,true
GDG_0428,GEO_0428,TGT_0428,false,false,false,false,false,false,false,false,false,false,true,none,preparar footprint tecnico SAR com a janela temporal,true,true,true,true
GDG_0429,GEO_0429,TGT_0429,false,false,false,false,false,false,false,false,false,false,true,none,preparar footprint tecnico SAR com a janela temporal,true,true,true,true
GDG_0430,GEO_0430,TGT_0430,false,false,false,false,false,false,false,false,false,false,true,none,preparar footprint tecnico SAR com a janela temporal,true,true,true,true
GDG_0431,GEO_0431,TGT_0431,false,false,false,false,false,false,false,false,false,false,true,none,preparar footprint tecnico SAR com a janela temporal,true,true,true,true
GDG_0432,GEO_0432,TGT_0432,false,false,false,false,false,false,false,false,false,false,true,none,preparar footprint tecnico SAR com a janela temporal,true,true,true,true
GDG_0433,GEO_0433,TGT_0433,false,false,false,false,false,false,false,false,false,false,true,none,preparar footprint tecnico SAR com a janela temporal,true,true,true,true
GDG_0434,GEO_0434,TGT_0434,false,false,false,false,false,false,false,false,false,false,true,none,preparar footprint tecnico SAR com a janela temporal,true,true,true,true
GDG_0435,GEO_0435,TGT_0435,false,false,false,false,false,false,false,false,false,false,true,none,preparar footprint tecnico SAR com a janela temporal,true,true,true,true
GDG_0436,GEO_0436,TGT_0436,false,false,false,false,false,false,false,false,false,false,true,none,preparar footprint tecnico SAR com a janela temporal,true,true,true,true
GDG_0437,GEO_0437,TGT_0437,false,false,false,false,false,false,false,false,false,false,true,none,preparar footprint tecnico SAR com a janela temporal,true,true,true,true
GDG_0438,GEO_0438,TGT_0438,false,false,false,false,false,false,false,false,false,false,true,none,preparar footprint tecnico SAR com a janela temporal,true,true,true,true
GDG_0439,GEO_0439,TGT_0439,false,false,false,false,false,false,false,false,false,false,true,none,preparar footprint tecnico SAR com a janela temporal,true,true,true,true
GDG_0440,GEO_0440,TGT_0440,false,false,false,false,false,false,false,false,false,false,true,none,preparar footprint tecnico SAR com a janela temporal,true,true,true,true
GDG_0441,GEO_0441,TGT_0441,false,false,false,false,false,false,false,false,false,false,true,none,preparar footprint tecnico SAR com a janela temporal,true,true,true,true
GDG_0442,GEO_0442,TGT_0442,false,false,false,false,false,false,false,false,false,false,true,none,preparar footprint tecnico SAR com a janela temporal,true,true,true,true
GDG_0443,GEO_0443,TGT_0443,false,false,false,false,false,false,false,false,false,false,true,none,preparar footprint tecnico SAR com a janela temporal,true,true,true,true
GDG_0444,GEO_0444,TGT_0444,false,false,false,false,false,false,false,false,false,false,true,none,preparar footprint tecnico SAR com a janela temporal,true,true,true,true
GDG_0445,GEO_0445,TGT_0445,false,false,false,false,false,false,false,false,false,false,true,none,preparar footprint tecnico SAR com a janela temporal,true,true,true,true
GDG_0446,GEO_0446,TGT_0446,false,false,false,false,false,false,false,false,false,false,true,none,preparar footprint tecnico SAR com a janela temporal,true,true,true,true
GDG_0447,GEO_0447,TGT_0447,false,false,false,false,false,false,false,false,false,false,true,none,preparar footprint tecnico SAR com a janela temporal,true,true,true,true
GDG_0448,GEO_0448,TGT_0448,false,false,false,false,false,false,false,false,false,false,true,none,preparar footprint tecnico SAR com a janela temporal,true,true,true,true
GDG_0449,GEO_0449,TGT_0449,false,false,false,false,false,false,false,false,false,false,true,none,preparar footprint tecnico SAR com a janela temporal,true,true,true,true
GDG_0450,GEO_0450,TGT_0450,false,false,false,false,false,false,false,false,false,false,true,none,preparar footprint tecnico SAR com a janela temporal,true,true,true,true
GDG_0451,GEO_0451,TGT_0451,false,false,false,false,false,false,false,false,false,false,true,none,preparar footprint tecnico SAR com a janela temporal,true,true,true,true
GDG_0452,GEO_0452,TGT_0452,false,false,false,false,false,false,false,false,false,false,true,none,preparar footprint tecnico SAR com a janela temporal,true,true,true,true
GDG_0453,GEO_0453,TGT_0453,false,false,false,false,false,false,false,false,false,false,true,none,preparar footprint tecnico SAR com a janela temporal,true,true,true,true
GDG_0454,GEO_0454,TGT_0454,false,false,false,false,false,false,false,false,false,false,true,none,preparar footprint tecnico SAR com a janela temporal,true,true,true,true
GDG_0455,GEO_0455,TGT_0455,false,false,false,false,false,false,false,false,false,false,true,none,preparar footprint tecnico SAR com a janela temporal,true,true,true,true
GDG_0456,GEO_0456,TGT_0456,false,false,false,false,false,false,false,false,false,false,true,none,preparar footprint tecnico SAR com a janela temporal,true,true,true,true
GDG_0457,GEO_0457,TGT_0457,false,false,false,false,false,false,false,false,false,false,true,none,preparar footprint tecnico SAR com a janela temporal,true,true,true,true
GDG_0458,GEO_0458,TGT_0458,false,false,false,false,false,false,false,false,false,false,true,none,preparar footprint tecnico SAR com a janela temporal,true,true,true,true
GDG_0459,GEO_0459,TGT_0459,false,false,false,false,false,false,false,false,false,false,true,none,preparar footprint tecnico SAR com a janela temporal,true,true,true,true
GDG_0460,GEO_0460,TGT_0460,false,false,false,false,false,false,false,false,false,false,true,none,preparar footprint tecnico SAR com a janela temporal,true,true,true,true
GDG_0461,GEO_0461,TGT_0461,false,false,false,false,false,false,false,false,false,false,true,none,preparar footprint tecnico SAR com a janela temporal,true,true,true,true
GDG_0462,GEO_0462,TGT_0462,false,false,false,false,false,false,false,false,false,false,true,none,preparar footprint tecnico SAR com a janela temporal,true,true,true,true
GDG_0463,GEO_0463,TGT_0463,false,false,false,false,false,false,false,false,false,false,true,none,preparar footprint tecnico SAR com a janela temporal,true,true,true,true
GDG_0464,GEO_0464,TGT_0464,false,false,false,false,false,false,false,false,false,false,true,none,preparar footprint tecnico SAR com a janela temporal,true,true,true,true
GDG_0465,GEO_0465,TGT_0465,false,false,false,false,false,false,false,false,false,false,true,none,preparar footprint tecnico SAR com a janela temporal,true,true,true,true
GDG_0466,GEO_0466,TGT_0466,false,false,false,false,false,false,false,false,false,false,true,none,preparar footprint tecnico SAR com a janela temporal,true,true,true,true
GDG_0467,GEO_0467,TGT_0467,false,false,false,false,false,false,false,false,false,false,true,none,preparar footprint tecnico SAR com a janela temporal,true,true,true,true
GDG_0468,GEO_0468,TGT_0468,false,false,false,false,false,false,false,false,false,false,true,none,preparar footprint tecnico SAR com a janela temporal,true,true,true,true
GDG_0469,GEO_0469,TGT_0469,false,false,false,false,false,false,false,false,false,false,true,none,preparar footprint tecnico SAR com a janela temporal,true,true,true,true
GDG_0470,GEO_0470,TGT_0470,false,false,false,false,false,false,false,false,false,false,true,none,preparar footprint tecnico SAR com a janela temporal,true,true,true,true
GDG_0471,GEO_0471,TGT_0471,false,false,false,false,false,false,false,false,false,false,true,none,preparar footprint tecnico SAR com a janela temporal,true,true,true,true
GDG_0472,GEO_0472,TGT_0472,false,false,false,false,false,false,false,false,false,false,true,none,preparar footprint tecnico SAR com a janela temporal,true,true,true,true
GDG_0473,GEO_0473,TGT_0473,false,false,false,false,false,false,false,false,false,false,true,none,preparar footprint tecnico SAR com a janela temporal,true,true,true,true
GDG_0474,GEO_0474,TGT_0474,false,false,false,false,false,false,false,false,false,false,true,none,preparar footprint tecnico SAR com a janela temporal,true,true,true,true
GDG_0475,GEO_0475,TGT_0475,false,false,false,false,false,false,false,false,false,false,true,none,preparar footprint tecnico SAR com a janela temporal,true,true,true,true
GDG_0476,GEO_0476,TGT_0476,false,false,false,false,false,false,false,false,false,false,true,none,preparar footprint tecnico SAR com a janela temporal,true,true,true,true
GDG_0477,GEO_0477,TGT_0477,false,false,false,false,false,false,false,false,false,false,true,none,preparar footprint tecnico SAR com a janela temporal,true,true,true,true
GDG_0478,GEO_0478,TGT_0478,false,false,false,false,false,false,false,false,false,false,true,none,preparar footprint tecnico SAR com a janela temporal,true,true,true,true
GDG_0479,GEO_0479,TGT_0479,false,false,false,false,false,false,false,false,false,false,true,none,preparar footprint tecnico SAR com a janela temporal,true,true,true,true
GDG_0480,GEO_0480,TGT_0480,false,false,false,false,false,false,false,false,false,false,true,none,preparar footprint tecnico SAR com a janela temporal,true,true,true,true
GDG_0481,GEO_0481,TGT_0481,false,false,false,false,false,false,false,false,false,false,true,none,preparar footprint tecnico SAR com a janela temporal,true,true,true,true
GDG_0482,GEO_0482,TGT_0482,false,false,false,false,false,false,false,false,false,false,true,none,preparar footprint tecnico SAR com a janela temporal,true,true,true,true
GDG_0483,GEO_0483,TGT_0483,false,false,false,false,false,false,false,false,false,false,true,none,preparar footprint tecnico SAR com a janela temporal,true,true,true,true
GDG_0484,GEO_0484,TGT_0484,false,false,false,false,false,false,false,false,false,false,true,none,preparar footprint tecnico SAR com a janela temporal,true,true,true,true
GDG_0485,GEO_0485,TGT_0485,false,false,false,false,false,false,false,false,false,false,true,none,preparar footprint tecnico SAR com a janela temporal,true,true,true,true
GDG_0486,GEO_0486,TGT_0486,false,false,false,false,false,false,false,false,false,false,true,none,preparar footprint tecnico SAR com a janela temporal,true,true,true,true
GDG_0487,GEO_0487,TGT_0487,false,false,false,false,false,false,false,false,false,false,true,none,preparar footprint tecnico SAR com a janela temporal,true,true,true,true
GDG_0488,GEO_0488,TGT_0488,false,false,false,false,false,false,false,false,false,false,true,none,preparar footprint tecnico SAR com a janela temporal,true,true,true,true
GDG_0489,GEO_0489,TGT_0489,false,false,false,false,false,false,false,false,false,false,true,none,preparar footprint tecnico SAR com a janela temporal,true,true,true,true
GDG_0490,GEO_0490,TGT_0490,false,false,false,false,false,false,false,false,false,false,true,none,preparar footprint tecnico SAR com a janela temporal,true,true,true,true
GDG_0491,GEO_0491,TGT_0491,false,false,false,false,false,false,false,false,false,false,true,none,preparar footprint tecnico SAR com a janela temporal,true,true,true,true
GDG_0492,GEO_0492,TGT_0492,false,false,false,false,false,false,false,false,false,false,true,none,preparar footprint tecnico SAR com a janela temporal,true,true,true,true
GDG_0493,GEO_0493,TGT_0493,false,false,false,false,false,false,false,false,false,false,true,none,preparar footprint tecnico SAR com a janela temporal,true,true,true,true
GDG_0494,GEO_0494,TGT_0494,false,false,false,false,false,false,false,false,false,false,true,none,preparar footprint tecnico SAR com a janela temporal,true,true,true,true
GDG_0495,GEO_0495,TGT_0495,false,false,false,false,false,false,false,false,false,false,true,none,preparar footprint tecnico SAR com a janela temporal,true,true,true,true
GDG_0496,GEO_0496,TGT_0496,false,false,false,false,false,false,false,false,false,false,true,none,preparar footprint tecnico SAR com a janela temporal,true,true,true,true
GDG_0497,GEO_0497,TGT_0497,false,false,false,false,false,false,false,false,false,false,true,none,preparar footprint tecnico SAR com a janela temporal,true,true,true,true
GDG_0498,GEO_0498,TGT_0498,false,false,false,false,false,false,false,false,false,false,true,none,preparar footprint tecnico SAR com a janela temporal,true,true,true,true
GDG_0499,GEO_0499,TGT_0499,false,false,false,false,false,false,false,false,false,false,true,none,preparar footprint tecnico SAR com a janela temporal,true,true,true,true
GDG_0500,GEO_0500,TGT_0500,false,false,false,false,false,false,false,false,false,false,true,none,preparar footprint tecnico SAR com a janela temporal,true,true,true,true
GDG_0501,GEO_0501,TGT_0501,false,false,false,false,false,false,false,false,false,false,true,none,preparar footprint tecnico SAR com a janela temporal,true,true,true,true
GDG_0502,GEO_0502,TGT_0502,false,false,false,false,false,false,false,false,false,false,true,none,preparar footprint tecnico SAR com a janela temporal,true,true,true,true
GDG_0503,GEO_0503,TGT_0503,false,false,false,false,false,false,false,false,false,false,true,none,preparar footprint tecnico SAR com a janela temporal,true,true,true,true
GDG_0504,GEO_0504,TGT_0504,false,false,false,false,false,false,false,false,false,false,true,none,preparar footprint tecnico SAR com a janela temporal,true,true,true,true
GDG_0505,GEO_0505,TGT_0505,false,false,false,false,false,false,false,false,false,false,true,none,preparar footprint tecnico SAR com a janela temporal,true,true,true,true
GDG_0506,GEO_0506,TGT_0506,false,false,false,false,false,false,false,false,false,false,true,none,preparar footprint tecnico SAR com a janela temporal,true,true,true,true
GDG_0507,GEO_0507,TGT_0507,false,false,false,false,false,false,false,false,false,false,true,none,preparar footprint tecnico SAR com a janela temporal,true,true,true,true
GDG_0508,GEO_0508,TGT_0508,false,false,false,false,false,false,false,false,false,false,true,none,preparar footprint tecnico SAR com a janela temporal,true,true,true,true
GDG_0509,GEO_0509,TGT_0509,false,false,false,false,false,false,false,false,false,false,true,none,preparar footprint tecnico SAR com a janela temporal,true,true,true,true
GDG_0510,GEO_0510,TGT_0510,false,false,false,false,false,false,false,false,false,false,true,none,preparar footprint tecnico SAR com a janela temporal,true,true,true,true
GDG_0511,GEO_0511,TGT_0511,false,false,false,false,false,false,false,false,false,false,true,none,preparar footprint tecnico SAR com a janela temporal,true,true,true,true
GDG_0512,GEO_0512,TGT_0512,false,false,false,false,false,false,false,false,false,false,true,none,preparar footprint tecnico SAR com a janela temporal,true,true,true,true
GDG_0513,GEO_0513,TGT_0513,false,false,false,false,false,false,false,false,false,false,true,none,preparar footprint tecnico SAR com a janela temporal,true,true,true,true
GDG_0514,GEO_0514,TGT_0514,false,false,false,false,false,false,false,false,false,false,true,none,preparar footprint tecnico SAR com a janela temporal,true,true,true,true
GDG_0515,GEO_0515,TGT_0515,false,false,false,false,false,false,false,false,false,false,true,none,preparar footprint tecnico SAR com a janela temporal,true,true,true,true
GDG_0516,GEO_0516,TGT_0516,false,false,false,false,false,false,false,false,false,false,true,none,preparar footprint tecnico SAR com a janela temporal,true,true,true,true
GDG_0517,GEO_0517,TGT_0517,false,false,false,false,false,false,false,false,false,false,true,none,preparar footprint tecnico SAR com a janela temporal,true,true,true,true
GDG_0518,GEO_0518,TGT_0518,false,false,false,false,false,false,false,false,false,false,true,none,preparar footprint tecnico SAR com a janela temporal,true,true,true,true
GDG_0519,GEO_0519,TGT_0519,false,false,false,false,false,false,false,false,false,false,true,none,preparar footprint tecnico SAR com a janela temporal,true,true,true,true
GDG_0520,GEO_0520,TGT_0520,false,false,false,false,false,false,false,false,false,false,true,none,preparar footprint tecnico SAR com a janela temporal,true,true,true,true
GDG_0521,GEO_0521,TGT_0521,false,false,false,false,false,false,false,false,false,false,true,none,preparar footprint tecnico SAR com a janela temporal,true,true,true,true
GDG_0522,GEO_0522,TGT_0522,false,false,false,false,false,false,false,false,false,false,true,none,preparar footprint tecnico SAR com a janela temporal,true,true,true,true
GDG_0523,GEO_0523,TGT_0523,false,false,false,false,false,false,false,false,false,false,true,none,preparar footprint tecnico SAR com a janela temporal,true,true,true,true
GDG_0524,GEO_0524,TGT_0524,false,false,false,false,false,false,false,false,false,false,true,none,preparar footprint tecnico SAR com a janela temporal,true,true,true,true
GDG_0525,GEO_0525,TGT_0525,false,false,false,false,false,false,false,false,false,false,true,none,preparar footprint tecnico SAR com a janela temporal,true,true,true,true
GDG_0526,GEO_0526,TGT_0526,false,false,false,false,false,false,false,false,false,false,true,none,preparar footprint tecnico SAR com a janela temporal,true,true,true,true
GDG_0527,GEO_0527,TGT_0527,false,false,false,false,false,false,false,false,false,false,true,none,preparar footprint tecnico SAR com a janela temporal,true,true,true,true
GDG_0528,GEO_0528,TGT_0528,false,false,false,false,false,false,false,false,false,false,true,none,preparar footprint tecnico SAR com a janela temporal,true,true,true,true
GDG_0529,GEO_0529,TGT_0529,false,false,false,false,false,false,false,false,false,false,true,none,preparar footprint tecnico SAR com a janela temporal,true,true,true,true
GDG_0530,GEO_0530,TGT_0530,false,false,false,false,false,false,false,false,false,false,true,none,preparar footprint tecnico SAR com a janela temporal,true,true,true,true
GDG_0531,GEO_0531,TGT_0531,false,false,false,false,false,false,false,false,false,false,true,none,preparar footprint tecnico SAR com a janela temporal,true,true,true,true
GDG_0532,GEO_0532,TGT_0532,false,false,false,false,false,false,false,false,false,false,true,none,preparar footprint tecnico SAR com a janela temporal,true,true,true,true
GDG_0533,GEO_0533,TGT_0533,false,false,false,false,false,false,false,false,false,false,true,none,preparar footprint tecnico SAR com a janela temporal,true,true,true,true
GDG_0534,GEO_0534,TGT_0534,false,false,false,false,false,false,false,false,false,false,true,none,preparar footprint tecnico SAR com a janela temporal,true,true,true,true
GDG_0535,GEO_0535,TGT_0535,false,false,false,false,false,false,false,false,false,false,true,none,preparar footprint tecnico SAR com a janela temporal,true,true,true,true
GDG_0536,GEO_0536,TGT_0536,false,false,false,false,false,false,false,false,false,false,true,none,preparar footprint tecnico SAR com a janela temporal,true,true,true,true
GDG_0537,GEO_0537,TGT_0537,false,false,false,false,false,false,false,false,false,false,true,none,preparar footprint tecnico SAR com a janela temporal,true,true,true,true
GDG_0538,GEO_0538,TGT_0538,false,false,false,false,false,false,false,false,false,false,true,none,preparar footprint tecnico SAR com a janela temporal,true,true,true,true
GDG_0539,GEO_0539,TGT_0539,false,false,false,false,false,false,false,false,false,false,true,none,preparar footprint tecnico SAR com a janela temporal,true,true,true,true
GDG_0540,GEO_0540,TGT_0540,false,false,false,false,false,false,false,false,false,false,true,none,preparar footprint tecnico SAR com a janela temporal,true,true,true,true
GDG_0541,GEO_0541,TGT_0541,false,false,false,false,false,false,false,false,false,false,true,none,preparar footprint tecnico SAR com a janela temporal,true,true,true,true
GDG_0542,GEO_0542,TGT_0542,false,false,false,false,false,false,false,false,false,false,true,none,preparar footprint tecnico SAR com a janela temporal,true,true,true,true
GDG_0543,GEO_0543,TGT_0543,false,false,false,false,false,false,false,false,false,false,true,none,preparar footprint tecnico SAR com a janela temporal,true,true,true,true
GDG_0544,GEO_0544,TGT_0544,false,false,false,false,false,false,false,false,false,false,true,none,preparar footprint tecnico SAR com a janela temporal,true,true,true,true
GDG_0545,GEO_0545,TGT_0545,false,false,false,false,false,false,false,false,false,false,true,none,preparar footprint tecnico SAR com a janela temporal,true,true,true,true
GDG_0546,GEO_0546,TGT_0546,false,false,false,false,false,false,false,false,false,false,true,none,preparar footprint tecnico SAR com a janela temporal,true,true,true,true
GDG_0547,GEO_0547,TGT_0547,false,false,true,true,false,true,true,false,false,true,false,none,buscar confirmacao de geometria oficial e estimar incerteza,true,true,true,true
GDG_0548,GEO_0548,TGT_0548,false,false,true,true,false,true,true,false,false,true,false,none,buscar confirmacao de geometria oficial e estimar incerteza,true,true,true,true
GDG_0549,GEO_0549,TGT_0549,false,false,true,true,false,true,true,false,false,true,false,none,buscar confirmacao de geometria oficial e estimar incerteza,true,true,true,true
GDG_0550,GEO_0550,TGT_0550,false,false,true,true,false,true,true,false,false,true,false,none,buscar confirmacao de geometria oficial e estimar incerteza,true,true,true,true
GDG_0551,GEO_0551,TGT_0551,false,false,true,true,false,true,true,false,false,true,false,none,buscar confirmacao de geometria oficial e estimar incerteza,true,true,true,true
GDG_0552,GEO_0552,TGT_0552,false,false,true,true,false,true,true,false,false,true,false,none,buscar confirmacao de geometria oficial e estimar incerteza,true,true,true,true
GDG_0553,GEO_0553,TGT_0553,false,false,true,true,false,true,true,false,false,true,false,none,buscar confirmacao de geometria oficial e estimar incerteza,true,true,true,true
GDG_0554,GEO_0554,TGT_0554,false,false,true,true,false,true,true,false,false,true,false,none,buscar confirmacao de geometria oficial e estimar incerteza,true,true,true,true
GDG_0555,GEO_0555,TGT_0555,false,false,true,true,false,true,true,false,false,true,false,none,buscar confirmacao de geometria oficial e estimar incerteza,true,true,true,true
GDG_0556,GEO_0556,TGT_0556,false,false,true,true,false,true,true,false,false,true,false,none,buscar confirmacao de geometria oficial e estimar incerteza,true,true,true,true
GDG_0557,GEO_0557,TGT_0557,false,false,true,true,false,true,true,false,false,true,false,none,buscar confirmacao de geometria oficial e estimar incerteza,true,true,true,true
